2026-09-05 02:21:25,204 | INFO | PDF text extracted:
900 www.sberbank.ru Заказано в СберБанк Онлайн
ул. Вавилова, д. 19, Москва, 117312
Выписка по платёжному счёту
За период 29.08.2026 — 04.09.2026
ИТОГО ПО ОПЕРАЦИЯМ ЗА ПЕРИОД:
Владелец счёта
Ермаков Глеб Викторович
Остаток на 29.08.2026 6 367,33
Номер счёта 40817 810 8 4200 8935667 Пополнение 33 794,60
Карты, привязанные к счёту МИР Сберкарта •• 6193 Списание 39 295,53
Валюта Российский рубль
Остаток на 04.09.2026 866,40
Дата открытия счёта 04.06.2024
Дата закрытия счёта -
Расшифровка операций
ДАТА ОПЕРАЦИИ (МСК) КАТЕГОРИЯ СУММА В ВАЛЮТЕ СЧЁТА ОСТАТОК СРЕДСТВ
Дата обработки1 Описание операции Сумма в валюте В валюте счёта
и код авторизации операции2
04.09.2026 14:38 Супермаркеты 249,67 866,40
04.09.2026 274764 BRISTOL 2014 N.NOVGOROD RUS. Операция по карте
****6193
03.09.2026 19:27 Прочие расходы 925,00 1 116,07
04.09.2026 972535 BOLUSHEV M. V. NIZHNIY NOVGO RUS. Операция по карте
****6193
03.09.2026 19:59 Перевод СБП +1 000,00 2 041,07
03.09.2026 777993 Перевод из T-Bank. Операция по счету ****5667
03.09.2026 15:57 Коммунальные платежи, связь, интернет. 550,00 1 041,07
03.09.2026 273070 MEGAFON 3DS_CVC MOSCOW RUS. Операция по карте
****6193
03.09.2026 15:58 Перевод СБП +1 000,00 1 591,07
03.09.2026 169216 Перевод из T-Bank. Операция по счету ****5667
03.09.2026 14:39 Супермаркеты 169,78 591,07
03.09.2026 104161 BRISTOL 2014 N.NOVGOROD RUS. Операция по карте
****6193
02.09.2026 19:36 Перевод с карты 2 400,00 760,85
02.09.2026 524095 Перевод для М. Анастасия Олеговна. Операция по счету
****5667
02.09.2026 16:52 Перевод на карту +2 400,00 3 160,85
02.09.2026 771897 Перевод от Ш. Екатерина Юрьевна. Операция по счету
****5667
02.09.2026 15:37 Супермаркеты 184,98 760,85
02.09.2026 620308 BRISTOL 2014 N.NOVGOROD RUS. Операция по карте
****6193
02.09.2026 00:42 Оплата по QR–коду СБП 99,00 945,83
02.09.2026 858966 SBSCR_ООО "ПРЕМЬЕР". Операция по карте ****6193
Продолжение на следующей странице
Для проверки подлинности документа
1. Зайдите в приложение СберБанк Онлайн в раздел «Выписки и справки»
2. Нажмите кнопку в верхнем правом углу и отсканируйте QR-код*
3. Получите документ в электронном виде
Действителен
до 03.11.2026 * Предоставляя QR-код третьим лицам, вы соглашаетесь на передачу и сохранение данных, указанных в документеВыписка по платёжному счёту Страница 2 из 4
ДАТА ОПЕРАЦИИ (МСК) КАТЕГОРИЯ СУММА В ВАЛЮТЕ СЧЁТА ОСТАТОК СРЕДСТВ
Дата обработки1 Описание операции Сумма в валюте В валюте счёта
и код авторизации операции2
01.09.2026 11:35 Супермаркеты 94,99 1 044,83
01.09.2026 397598 BRISTOL 2014 N.NOVGOROD RUS. Операция по карте
****6193
31.08.2026 18:28 Супермаркеты 181,78 1 139,82
31.08.2026 719648 BRISTOL 2014 N.NOVGOROD RUS. Операция по карте
****6193
31.08.2026 18:08 Перевод СБП 5 000,00 1 321,60
31.08.2026 998896 Перевод в T-Bank. Операция по счету ****5667
31.08.2026 18:07 Внесение наличных +5 050,00 6 321,60
31.08.2026 253905 Банкомат №60021140. Операция по карте ****6193
31.08.2026 18:02 Перевод СБП 19 000,00 1 271,60
31.08.2026 179839 Перевод в T-Bank. Операция по счету ****5667
31.08.2026 18:02 Перевод на карту +173,60 20 271,60
31.08.2026 158183 Перевод от Е. Глеб Викторович. Операция по счету
****5667
31.08.2026 18:00 Внесение наличных +20 050,00 20 098,00
31.08.2026 075944 Банкомат №60037324. Операция по карте ****6193
30.08.2026 19:47 Рестораны и кафе 727,00 48,00
31.08.2026 809404 YM*vkusnoitochka MOSKVA RUS. Операция по карте
****6193
30.08.2026 22:15 Транспорт 40,00 775,00
31.08.2026 129312 SITICARD TRANSPORT TPP N.NOVGOROD RUS. Операция по
карте ****6193
30.08.2026 20:30 Транспорт 40,00 815,00
30.08.2026 789258 SITICARD TRANSPORT TPP N.NOVGOROD RUS. Операция по
карте ****6193
30.08.2026 22:25 Перевод с карты 340,59 855,00
30.08.2026 619731 Перевод для Е. Глеб Викторович. Операция по счету
****5667
30.08.2026 18:25 Транспорт 40,00 1 195,59
30.08.2026 929090 SITICARD TRANSPORT TPP N.NOVGOROD RUS. Операция по
карте ****6193
30.08.2026 19:35 Внесение наличных +1 000,00 1 235,59
30.08.2026 959587 Банкомат №60075287. Операция по карте ****6193
30.08.2026 16:18 Транспорт 40,00 235,59
30.08.2026 835687 SITICARD TRANSPORT TPP N.NOVGOROD RUS. Операция по
карте ****6193
30.08.2026 19:09 Прочие расходы 300,00 275,59
30.08.2026 195304 SDEK-NN N.NOVGOROD RUS. Операция по карте ****6193
30.08.2026 18:18 Супермаркеты 56,79 575,59
30.08.2026 960483 KRASNOE&BELOE N.NOVGOROD RUS. Операция по карте
****6193
30.08.2026 18:18 Супермаркеты 68,99 632,38
30.08.2026 141057 KRASNOE&BELOE N.NOVGOROD RUS. Операция по карте
****6193
30.08.2026 18:03 Здоровье и красота 1 100,00 701,37
30.08.2026 374148 SP_BLACK PANTHER N.NOVGOROD RUS. Операция по карте
****6193
30.08.2026 17:17 Супермаркеты 89,99 1 801,37
30.08.2026 438990 PYATEROCHKA 2587 N.NOVGOROD RUS. Операция по карте
****6193
30.08.2026 16:57 Супермаркеты 188,97 1 891,36
30.08.2026 984023 KRASNOE&BELOE N.NOVGOROD RUS. Операция по карте
****6193
Продолжение на следующей страницеВыписка по платёжному счёту Страница 3 из 4
ДАТА ОПЕРАЦИИ (МСК) КАТЕГОРИЯ СУММА В ВАЛЮТЕ СЧЁТА ОСТАТОК СРЕДСТВ
Дата обработки1 Описание операции Сумма в валюте В валюте счёта
и код авторизации операции2
30.08.2026 15:07 Перевод СБП +600,00 2 080,33
30.08.2026 927871 Перевод из T-Bank. Операция по счету ****5667
30.08.2026 11:53 Перевод на карту +21,00 1 480,33
30.08.2026 403129 Перевод от Е. Глеб Викторович. Операция по счету
****5667
30.08.2026 11:53 Перевод СБП +1 000,00 1 459,33
30.08.2026 648252 Перевод из T-Bank. Операция по счету ****5667
29.08.2026 21:23 Транспорт 40,00 459,33
30.08.2026 346971 SITICARD TRANSPORT TPP N.NOVGOROD RUS. Операция по
карте ****6193
29.08.2026 20:06 Транспорт 40,00 499,33
29.08.2026 362546 SITICARD TRANSPORT TPP N.NOVGOROD RUS. Операция по
карте ****6193
29.08.2026 20:17 Транспорт 40,00 539,33
29.08.2026 012619 SITICARD TRANSPORT TPP N.NOVGOROD RUS. Операция по
карте ****6193
29.08.2026 19:51 Транспорт 40,00 579,33
29.08.2026 521733 SITICARD TRANSPORT TPP N.NOVGOROD RUS. Операция по
карте ****6193
29.08.2026 19:29 Транспорт 40,00 619,33
29.08.2026 531540 SITICARD TRANSPORT TPP N.NOVGOROD RUS. Операция по
карте ****6193
29.08.2026 21:31 Перевод с карты 580,00 659,33
29.08.2026 901249 Перевод для Е. Глеб Викторович. Операция по счету
****5667
29.08.2026 18:19 Транспорт 40,00 1 239,33
29.08.2026 366088 SITICARD TRANSPORT TPP N.NOVGOROD RUS. Операция по
карте ****6193
29.08.2026 18:58 Перевод на карту +500,00 1 279,33
29.08.2026 605842 Перевод от М. Антон Дмитриевич. Операция по счету
****5667
29.08.2026 16:20 Транспорт 40,00 779,33
29.08.2026 369518 SITICARD TRANSPORT TPP N.NOVGOROD RUS. Операция по
карте ****6193
29.08.2026 17:48 Оплата по QR–коду СБП 1 153,00 819,33
29.08.2026 170413 SBSCR_23031 MOP SBP. Операция по карте ****6193
29.08.2026 17:47 Перевод СБП +1 000,00 1 972,33
29.08.2026 776874 Перевод из T-Bank. Операция по счету ****5667
28.08.2026 18:31 Рестораны и кафе 5 395,00 972,33
29.08.2026 232589 Restoran Dzhani NIZHNIJ NOVGO RUS. Операция по карте
****6193
*
Дата формирования документа 04.09.2026
40601D00C08FCE2CD999F93A68651986
с 02.07.2025 по 02.10.2026
04.09.2026
Продолжение на следующей страницеВыписка по платёжному счёту Страница 4 из 4
ПАО Сбербанк. Генеральная лицензия Банка России на осуществление банковских операций № 1481 от 11.08.2015.
Денежные средства списываются после получения банком подтверждения о проведении финансовой операции.
В выписке отображаются только обработанные в заданном периоде операции.
Срок обработки операций до 4 дней, но в редких случаях до 30 дней.
1
Дата списания/зачисления денежных средств на счёт
2
По курсу банка на дату обработки операции
*
Согласно статье 6 закона № 63-ФЗ «Об электронной подписи» электронные документы, подписанные квалифицированной
электронной подписью, признаются равнозначными документам, подписанным собственноручно и могут применяться в любых
правоотношениях в соответствии с законодательством РФ.
Скачать электронный формат подписи можно в веб-версии СберБанк Онлайн в разделе «Выписки и справки».
Проверить подпись можно в сервисе портала Госуслуг «Проверка квалифицированной электронной подписи».
2026-09-05 02:21:28,244 | INFO | Update id=311432010 is handled. Duration 7015 ms by bot id=8616063778
2026-09-05 02:28:45,289 | INFO | Polling stopped for bot @sfddssdf111_bot id=8616063778 - 'sber bot'
2026-09-05 02:28:45,290 | INFO | Polling stopped
2026-09-05 02:30:12,201 | INFO | PDF text extracted:
900 www.sberbank.ru Заказано в СберБанк Онлайн
ул. Вавилова, д. 19, Москва, 117312
Выписка по платёжному счёту
За период 29.08.2026 — 04.09.2026
ИТОГО ПО ОПЕРАЦИЯМ ЗА ПЕРИОД:
Владелец счёта
Ермаков Глеб Викторович
Остаток на 29.08.2026 6 367,33
Номер счёта 40817 810 8 4200 8935667 Пополнение 33 794,60
Карты, привязанные к счёту МИР Сберкарта •• 6193 Списание 39 295,53
Валюта Российский рубль
Остаток на 04.09.2026 866,40
Дата открытия счёта 04.06.2024
Дата закрытия счёта -
Расшифровка операций
ДАТА ОПЕРАЦИИ (МСК) КАТЕГОРИЯ СУММА В ВАЛЮТЕ СЧЁТА ОСТАТОК СРЕДСТВ
Дата обработки1 Описание операции Сумма в валюте В валюте счёта
и код авторизации операции2
04.09.2026 14:38 Супермаркеты 249,67 866,40
04.09.2026 274764 BRISTOL 2014 N.NOVGOROD RUS. Операция по карте
****6193
03.09.2026 19:27 Прочие расходы 925,00 1 116,07
04.09.2026 972535 BOLUSHEV M. V. NIZHNIY NOVGO RUS. Операция по карте
****6193
03.09.2026 19:59 Перевод СБП +1 000,00 2 041,07
03.09.2026 777993 Перевод из T-Bank. Операция по счету ****5667
03.09.2026 15:57 Коммунальные платежи, связь, интернет. 550,00 1 041,07
03.09.2026 273070 MEGAFON 3DS_CVC MOSCOW RUS. Операция по карте
****6193
03.09.2026 15:58 Перевод СБП +1 000,00 1 591,07
03.09.2026 169216 Перевод из T-Bank. Операция по счету ****5667
03.09.2026 14:39 Супермаркеты 169,78 591,07
03.09.2026 104161 BRISTOL 2014 N.NOVGOROD RUS. Операция по карте
****6193
02.09.2026 19:36 Перевод с карты 2 400,00 760,85
02.09.2026 524095 Перевод для М. Анастасия Олеговна. Операция по счету
****5667
02.09.2026 16:52 Перевод на карту +2 400,00 3 160,85
02.09.2026 771897 Перевод от Ш. Екатерина Юрьевна. Операция по счету
****5667
02.09.2026 15:37 Супермаркеты 184,98 760,85
02.09.2026 620308 BRISTOL 2014 N.NOVGOROD RUS. Операция по карте
****6193
02.09.2026 00:42 Оплата по QR–коду СБП 99,00 945,83
02.09.2026 858966 SBSCR_ООО "ПРЕМЬЕР". Операция по карте ****6193
Продолжение на следующей странице
Для проверки подлинности документа
1. Зайдите в приложение СберБанк Онлайн в раздел «Выписки и справки»
2. Нажмите кнопку в верхнем правом углу и отсканируйте QR-код*
3. Получите документ в электронном виде
Действителен
до 03.11.2026 * Предоставляя QR-код третьим лицам, вы соглашаетесь на передачу и сохранение данных, указанных в документеВыписка по платёжному счёту Страница 2 из 4
ДАТА ОПЕРАЦИИ (МСК) КАТЕГОРИЯ СУММА В ВАЛЮТЕ СЧЁТА ОСТАТОК СРЕДСТВ
Дата обработки1 Описание операции Сумма в валюте В валюте счёта
и код авторизации операции2
01.09.2026 11:35 Супермаркеты 94,99 1 044,83
01.09.2026 397598 BRISTOL 2014 N.NOVGOROD RUS. Операция по карте
****6193
31.08.2026 18:28 Супермаркеты 181,78 1 139,82
31.08.2026 719648 BRISTOL 2014 N.NOVGOROD RUS. Операция по карте
****6193
31.08.2026 18:08 Перевод СБП 5 000,00 1 321,60
31.08.2026 998896 Перевод в T-Bank. Операция по счету ****5667
31.08.2026 18:07 Внесение наличных +5 050,00 6 321,60
31.08.2026 253905 Банкомат №60021140. Операция по карте ****6193
31.08.2026 18:02 Перевод СБП 19 000,00 1 271,60
31.08.2026 179839 Перевод в T-Bank. Операция по счету ****5667
31.08.2026 18:02 Перевод на карту +173,60 20 271,60
31.08.2026 158183 Перевод от Е. Глеб Викторович. Операция по счету
****5667
31.08.2026 18:00 Внесение наличных +20 050,00 20 098,00
31.08.2026 075944 Банкомат №60037324. Операция по карте ****6193
30.08.2026 19:47 Рестораны и кафе 727,00 48,00
31.08.2026 809404 YM*vkusnoitochka MOSKVA RUS. Операция по карте
****6193
30.08.2026 22:15 Транспорт 40,00 775,00
31.08.2026 129312 SITICARD TRANSPORT TPP N.NOVGOROD RUS. Операция по
карте ****6193
30.08.2026 20:30 Транспорт 40,00 815,00
30.08.2026 789258 SITICARD TRANSPORT TPP N.NOVGOROD RUS. Операция по
карте ****6193
30.08.2026 22:25 Перевод с карты 340,59 855,00
30.08.2026 619731 Перевод для Е. Глеб Викторович. Операция по счету
****5667
30.08.2026 18:25 Транспорт 40,00 1 195,59
30.08.2026 929090 SITICARD TRANSPORT TPP N.NOVGOROD RUS. Операция по
карте ****6193
30.08.2026 19:35 Внесение наличных +1 000,00 1 235,59
30.08.2026 959587 Банкомат №60075287. Операция по карте ****6193
30.08.2026 16:18 Транспорт 40,00 235,59
30.08.2026 835687 SITICARD TRANSPORT TPP N.NOVGOROD RUS. Операция по
карте ****6193
30.08.2026 19:09 Прочие расходы 300,00 275,59
30.08.2026 195304 SDEK-NN N.NOVGOROD RUS. Операция по карте ****6193
30.08.2026 18:18 Супермаркеты 56,79 575,59
30.08.2026 960483 KRASNOE&BELOE N.NOVGOROD RUS. Операция по карте
****6193
30.08.2026 18:18 Супермаркеты 68,99 632,38
30.08.2026 141057 KRASNOE&BELOE N.NOVGOROD RUS. Операция по карте
****6193
30.08.2026 18:03 Здоровье и красота 1 100,00 701,37
30.08.2026 374148 SP_BLACK PANTHER N.NOVGOROD RUS. Операция по карте
****6193
30.08.2026 17:17 Супермаркеты 89,99 1 801,37
30.08.2026 438990 PYATEROCHKA 2587 N.NOVGOROD RUS. Операция по карте
****6193
30.08.2026 16:57 Супермаркеты 188,97 1 891,36
30.08.2026 984023 KRASNOE&BELOE N.NOVGOROD RUS. Операция по карте
****6193
Продолжение на следующей страницеВыписка по платёжному счёту Страница 3 из 4
ДАТА ОПЕРАЦИИ (МСК) КАТЕГОРИЯ СУММА В ВАЛЮТЕ СЧЁТА ОСТАТОК СРЕДСТВ
Дата обработки1 Описание операции Сумма в валюте В валюте счёта
и код авторизации операции2
30.08.2026 15:07 Перевод СБП +600,00 2 080,33
30.08.2026 927871 Перевод из T-Bank. Операция по счету ****5667
30.08.2026 11:53 Перевод на карту +21,00 1 480,33
30.08.2026 403129 Перевод от Е. Глеб Викторович. Операция по счету
****5667
30.08.2026 11:53 Перевод СБП +1 000,00 1 459,33
30.08.2026 648252 Перевод из T-Bank. Операция по счету ****5667
29.08.2026 21:23 Транспорт 40,00 459,33
30.08.2026 346971 SITICARD TRANSPORT TPP N.NOVGOROD RUS. Операция по
карте ****6193
29.08.2026 20:06 Транспорт 40,00 499,33
29.08.2026 362546 SITICARD TRANSPORT TPP N.NOVGOROD RUS. Операция по
карте ****6193
29.08.2026 20:17 Транспорт 40,00 539,33
29.08.2026 012619 SITICARD TRANSPORT TPP N.NOVGOROD RUS. Операция по
карте ****6193
29.08.2026 19:51 Транспорт 40,00 579,33
29.08.2026 521733 SITICARD TRANSPORT TPP N.NOVGOROD RUS. Операция по
карте ****6193
29.08.2026 19:29 Транспорт 40,00 619,33
29.08.2026 531540 SITICARD TRANSPORT TPP N.NOVGOROD RUS. Операция по
карте ****6193
29.08.2026 21:31 Перевод с карты 580,00 659,33
29.08.2026 901249 Перевод для Е. Глеб Викторович. Операция по счету
****5667
29.08.2026 18:19 Транспорт 40,00 1 239,33
29.08.2026 366088 SITICARD TRANSPORT TPP N.NOVGOROD RUS. Операция по
карте ****6193
29.08.2026 18:58 Перевод на карту +500,00 1 279,33
29.08.2026 605842 Перевод от М. Антон Дмитриевич. Операция по счету
****5667
29.08.2026 16:20 Транспорт 40,00 779,33
29.08.2026 369518 SITICARD TRANSPORT TPP N.NOVGOROD RUS. Операция по
карте ****6193
29.08.2026 17:48 Оплата по QR–коду СБП 1 153,00 819,33
29.08.2026 170413 SBSCR_23031 MOP SBP. Операция по карте ****6193
29.08.2026 17:47 Перевод СБП +1 000,00 1 972,33
29.08.2026 776874 Перевод из T-Bank. Операция по счету ****5667
28.08.2026 18:31 Рестораны и кафе 5 395,00 972,33
29.08.2026 232589 Restoran Dzhani NIZHNIJ NOVGO RUS. Операция по карте
****6193
*
Дата формирования документа 04.09.2026
40601D00C08FCE2CD999F93A68651986
с 02.07.2025 по 02.10.2026
04.09.2026
Продолжение на следующей страницеВыписка по платёжному счёту Страница 4 из 4
ПАО Сбербанк. Генеральная лицензия Банка России на осуществление банковских операций № 1481 от 11.08.2015.
Денежные средства списываются после получения банком подтверждения о проведении финансовой операции.
В выписке отображаются только обработанные в заданном периоде операции.
Срок обработки операций до 4 дней, но в редких случаях до 30 дней.
1
Дата списания/зачисления денежных средств на счёт
2
По курсу банка на дату обработки операции
*
Согласно статье 6 закона № 63-ФЗ «Об электронной подписи» электронные документы, подписанные квалифицированной
электронной подписью, признаются равнозначными документам, подписанным собственноручно и могут применяться в любых
правоотношениях в соответствии с законодательством РФ.
Скачать электронный формат подписи можно в веб-версии СберБанк Онлайн в разделе «Выписки и справки».
Проверить подпись можно в сервисе портала Госуслуг «Проверка квалифицированной электронной подписи».
2026-09-05 02:30:15,362 | INFO | Update id=311432011 is handled. Duration 6280 ms by bot id=8616063778
2026-09-05 02:34:52,662 | INFO | PDF text extracted:
900 www.sberbank.ru Заказано в СберБанк Онлайн
ул. Вавилова, д. 19, Москва, 117312
Выписка по платёжному счёту
За период 29.08.2026 — 04.09.2026
ИТОГО ПО ОПЕРАЦИЯМ ЗА ПЕРИОД:
Владелец счёта
Ермаков Глеб Викторович
Остаток на 29.08.2026 6 367,33
Номер счёта 40817 810 8 4200 8935667 Пополнение 33 794,60
Карты, привязанные к счёту МИР Сберкарта •• 6193 Списание 39 295,53
Валюта Российский рубль
Остаток на 04.09.2026 866,40
Дата открытия счёта 04.06.2024
Дата закрытия счёта -
Расшифровка операций
ДАТА ОПЕРАЦИИ (МСК) КАТЕГОРИЯ СУММА В ВАЛЮТЕ СЧЁТА ОСТАТОК СРЕДСТВ
Дата обработки1 Описание операции Сумма в валюте В валюте счёта
и код авторизации операции2
04.09.2026 14:38 Супермаркеты 249,67 866,40
04.09.2026 274764 BRISTOL 2014 N.NOVGOROD RUS. Операция по карте
****6193
03.09.2026 19:27 Прочие расходы 925,00 1 116,07
04.09.2026 972535 BOLUSHEV M. V. NIZHNIY NOVGO RUS. Операция по карте
****6193
03.09.2026 19:59 Перевод СБП +1 000,00 2 041,07
03.09.2026 777993 Перевод из T-Bank. Операция по счету ****5667
03.09.2026 15:57 Коммунальные платежи, связь, интернет. 550,00 1 041,07
03.09.2026 273070 MEGAFON 3DS_CVC MOSCOW RUS. Операция по карте
****6193
03.09.2026 15:58 Перевод СБП +1 000,00 1 591,07
03.09.2026 169216 Перевод из T-Bank. Операция по счету ****5667
03.09.2026 14:39 Супермаркеты 169,78 591,07
03.09.2026 104161 BRISTOL 2014 N.NOVGOROD RUS. Операция по карте
****6193
02.09.2026 19:36 Перевод с карты 2 400,00 760,85
02.09.2026 524095 Перевод для М. Анастасия Олеговна. Операция по счету
****5667
02.09.2026 16:52 Перевод на карту +2 400,00 3 160,85
02.09.2026 771897 Перевод от Ш. Екатерина Юрьевна. Операция по счету
****5667
02.09.2026 15:37 Супермаркеты 184,98 760,85
02.09.2026 620308 BRISTOL 2014 N.NOVGOROD RUS. Операция по карте
****6193
02.09.2026 00:42 Оплата по QR–коду СБП 99,00 945,83
02.09.2026 858966 SBSCR_ООО "ПРЕМЬЕР". Операция по карте ****6193
Продолжение на следующей странице
Для проверки подлинности документа
1. Зайдите в приложение СберБанк Онлайн в раздел «Выписки и справки»
2. Нажмите кнопку в верхнем правом углу и отсканируйте QR-код*
3. Получите документ в электронном виде
Действителен
до 03.11.2026 * Предоставляя QR-код третьим лицам, вы соглашаетесь на передачу и сохранение данных, указанных в документеВыписка по платёжному счёту Страница 2 из 4
ДАТА ОПЕРАЦИИ (МСК) КАТЕГОРИЯ СУММА В ВАЛЮТЕ СЧЁТА ОСТАТОК СРЕДСТВ
Дата обработки1 Описание операции Сумма в валюте В валюте счёта
и код авторизации операции2
01.09.2026 11:35 Супермаркеты 94,99 1 044,83
01.09.2026 397598 BRISTOL 2014 N.NOVGOROD RUS. Операция по карте
****6193
31.08.2026 18:28 Супермаркеты 181,78 1 139,82
31.08.2026 719648 BRISTOL 2014 N.NOVGOROD RUS. Операция по карте
****6193
31.08.2026 18:08 Перевод СБП 5 000,00 1 321,60
31.08.2026 998896 Перевод в T-Bank. Операция по счету ****5667
31.08.2026 18:07 Внесение наличных +5 050,00 6 321,60
31.08.2026 253905 Банкомат №60021140. Операция по карте ****6193
31.08.2026 18:02 Перевод СБП 19 000,00 1 271,60
31.08.2026 179839 Перевод в T-Bank. Операция по счету ****5667
31.08.2026 18:02 Перевод на карту +173,60 20 271,60
31.08.2026 158183 Перевод от Е. Глеб Викторович. Операция по счету
****5667
31.08.2026 18:00 Внесение наличных +20 050,00 20 098,00
31.08.2026 075944 Банкомат №60037324. Операция по карте ****6193
30.08.2026 19:47 Рестораны и кафе 727,00 48,00
31.08.2026 809404 YM*vkusnoitochka MOSKVA RUS. Операция по карте
****6193
30.08.2026 22:15 Транспорт 40,00 775,00
31.08.2026 129312 SITICARD TRANSPORT TPP N.NOVGOROD RUS. Операция по
карте ****6193
30.08.2026 20:30 Транспорт 40,00 815,00
30.08.2026 789258 SITICARD TRANSPORT TPP N.NOVGOROD RUS. Операция по
карте ****6193
30.08.2026 22:25 Перевод с карты 340,59 855,00
30.08.2026 619731 Перевод для Е. Глеб Викторович. Операция по счету
****5667
30.08.2026 18:25 Транспорт 40,00 1 195,59
30.08.2026 929090 SITICARD TRANSPORT TPP N.NOVGOROD RUS. Операция по
карте ****6193
30.08.2026 19:35 Внесение наличных +1 000,00 1 235,59
30.08.2026 959587 Банкомат №60075287. Операция по карте ****6193
30.08.2026 16:18 Транспорт 40,00 235,59
30.08.2026 835687 SITICARD TRANSPORT TPP N.NOVGOROD RUS. Операция по
карте ****6193
30.08.2026 19:09 Прочие расходы 300,00 275,59
30.08.2026 195304 SDEK-NN N.NOVGOROD RUS. Операция по карте ****6193
30.08.2026 18:18 Супермаркеты 56,79 575,59
30.08.2026 960483 KRASNOE&BELOE N.NOVGOROD RUS. Операция по карте
****6193
30.08.2026 18:18 Супермаркеты 68,99 632,38
30.08.2026 141057 KRASNOE&BELOE N.NOVGOROD RUS. Операция по карте
****6193
30.08.2026 18:03 Здоровье и красота 1 100,00 701,37
30.08.2026 374148 SP_BLACK PANTHER N.NOVGOROD RUS. Операция по карте
****6193
30.08.2026 17:17 Супермаркеты 89,99 1 801,37
30.08.2026 438990 PYATEROCHKA 2587 N.NOVGOROD RUS. Операция по карте
****6193
30.08.2026 16:57 Супермаркеты 188,97 1 891,36
30.08.2026 984023 KRASNOE&BELOE N.NOVGOROD RUS. Операция по карте
****6193
Продолжение на следующей страницеВыписка по платёжному счёту Страница 3 из 4
ДАТА ОПЕРАЦИИ (МСК) КАТЕГОРИЯ СУММА В ВАЛЮТЕ СЧЁТА ОСТАТОК СРЕДСТВ
Дата обработки1 Описание операции Сумма в валюте В валюте счёта
и код авторизации операции2
30.08.2026 15:07 Перевод СБП +600,00 2 080,33
30.08.2026 927871 Перевод из T-Bank. Операция по счету ****5667
30.08.2026 11:53 Перевод на карту +21,00 1 480,33
30.08.2026 403129 Перевод от Е. Глеб Викторович. Операция по счету
****5667
30.08.2026 11:53 Перевод СБП +1 000,00 1 459,33
30.08.2026 648252 Перевод из T-Bank. Операция по счету ****5667
29.08.2026 21:23 Транспорт 40,00 459,33
30.08.2026 346971 SITICARD TRANSPORT TPP N.NOVGOROD RUS. Операция по
карте ****6193
29.08.2026 20:06 Транспорт 40,00 499,33
29.08.2026 362546 SITICARD TRANSPORT TPP N.NOVGOROD RUS. Операция по
карте ****6193
29.08.2026 20:17 Транспорт 40,00 539,33
29.08.2026 012619 SITICARD TRANSPORT TPP N.NOVGOROD RUS. Операция по
карте ****6193
29.08.2026 19:51 Транспорт 40,00 579,33
29.08.2026 521733 SITICARD TRANSPORT TPP N.NOVGOROD RUS. Операция по
карте ****6193
29.08.2026 19:29 Транспорт 40,00 619,33
29.08.2026 531540 SITICARD TRANSPORT TPP N.NOVGOROD RUS. Операция по
карте ****6193
29.08.2026 21:31 Перевод с карты 580,00 659,33
29.08.2026 901249 Перевод для Е. Глеб Викторович. Операция по счету
****5667
29.08.2026 18:19 Транспорт 40,00 1 239,33
29.08.2026 366088 SITICARD TRANSPORT TPP N.NOVGOROD RUS. Операция по
карте ****6193
29.08.2026 18:58 Перевод на карту +500,00 1 279,33
29.08.2026 605842 Перевод от М. Антон Дмитриевич. Операция по счету
****5667
29.08.2026 16:20 Транспорт 40,00 779,33
29.08.2026 369518 SITICARD TRANSPORT TPP N.NOVGOROD RUS. Операция по
карте ****6193
29.08.2026 17:48 Оплата по QR–коду СБП 1 153,00 819,33
29.08.2026 170413 SBSCR_23031 MOP SBP. Операция по карте ****6193
29.08.2026 17:47 Перевод СБП +1 000,00 1 972,33
29.08.2026 776874 Перевод из T-Bank. Операция по счету ****5667
28.08.2026 18:31 Рестораны и кафе 5 395,00 972,33
29.08.2026 232589 Restoran Dzhani NIZHNIJ NOVGO RUS. Операция по карте
****6193
*
Дата формирования документа 04.09.2026
40601D00C08FCE2CD999F93A68651986
с 02.07.2025 по 02.10.2026
04.09.2026
Продолжение на следующей страницеВыписка по платёжному счёту Страница 4 из 4
ПАО Сбербанк. Генеральная лицензия Банка России на осуществление банковских операций № 1481 от 11.08.2015.
Денежные средства списываются после получения банком подтверждения о проведении финансовой операции.
В выписке отображаются только обработанные в заданном периоде операции.
Срок обработки операций до 4 дней, но в редких случаях до 30 дней.
1
Дата списания/зачисления денежных средств на счёт
2
По курсу банка на дату обработки операции
*
Согласно статье 6 закона № 63-ФЗ «Об электронной подписи» электронные документы, подписанные квалифицированной
электронной подписью, признаются равнозначными документам, подписанным собственноручно и могут применяться в любых
правоотношениях в соответствии с законодательством РФ.
Скачать электронный формат подписи можно в веб-версии СберБанк Онлайн в разделе «Выписки и справки».
Проверить подпись можно в сервисе портала Госуслуг «Проверка квалифицированной электронной подписи».
2026-09-05 02:34:55,772 | INFO | Update id=311432012 is handled. Duration 5047 ms by bot id=8616063778
2026-09-05 02:37:39,077 | INFO | Polling stopped for bot @sfddssdf111_bot id=8616063778 - 'sber bot'
2026-09-05 02:37:39,077 | INFO | Polling stopped
2026-09-05 02:38:05,199 | INFO | PDF text extracted:
900 www.sberbank.ru Заказано в СберБанк Онлайн
ул. Вавилова, д. 19, Москва, 117312
Выписка по платёжному счёту
За период 29.08.2026 — 04.09.2026
ИТОГО ПО ОПЕРАЦИЯМ ЗА ПЕРИОД:
Владелец счёта
Ермаков Глеб Викторович
Остаток на 29.08.2026 6 367,33
Номер счёта 40817 810 8 4200 8935667 Пополнение 33 794,60
Карты, привязанные к счёту МИР Сберкарта •• 6193 Списание 39 295,53
Валюта Российский рубль
Остаток на 04.09.2026 866,40
Дата открытия счёта 04.06.2024
Дата закрытия счёта -
Расшифровка операций
ДАТА ОПЕРАЦИИ (МСК) КАТЕГОРИЯ СУММА В ВАЛЮТЕ СЧЁТА ОСТАТОК СРЕДСТВ
Дата обработки1 Описание операции Сумма в валюте В валюте счёта
и код авторизации операции2
04.09.2026 14:38 Супермаркеты 249,67 866,40
04.09.2026 274764 BRISTOL 2014 N.NOVGOROD RUS. Операция по карте
****6193
03.09.2026 19:27 Прочие расходы 925,00 1 116,07
04.09.2026 972535 BOLUSHEV M. V. NIZHNIY NOVGO RUS. Операция по карте
****6193
03.09.2026 19:59 Перевод СБП +1 000,00 2 041,07
03.09.2026 777993 Перевод из T-Bank. Операция по счету ****5667
03.09.2026 15:57 Коммунальные платежи, связь, интернет. 550,00 1 041,07
03.09.2026 273070 MEGAFON 3DS_CVC MOSCOW RUS. Операция по карте
****6193
03.09.2026 15:58 Перевод СБП +1 000,00 1 591,07
03.09.2026 169216 Перевод из T-Bank. Операция по счету ****5667
03.09.2026 14:39 Супермаркеты 169,78 591,07
03.09.2026 104161 BRISTOL 2014 N.NOVGOROD RUS. Операция по карте
****6193
02.09.2026 19:36 Перевод с карты 2 400,00 760,85
02.09.2026 524095 Перевод для М. Анастасия Олеговна. Операция по счету
****5667
02.09.2026 16:52 Перевод на карту +2 400,00 3 160,85
02.09.2026 771897 Перевод от Ш. Екатерина Юрьевна. Операция по счету
****5667
02.09.2026 15:37 Супермаркеты 184,98 760,85
02.09.2026 620308 BRISTOL 2014 N.NOVGOROD RUS. Операция по карте
****6193
02.09.2026 00:42 Оплата по QR–коду СБП 99,00 945,83
02.09.2026 858966 SBSCR_ООО "ПРЕМЬЕР". Операция по карте ****6193
Продолжение на следующей странице
Для проверки подлинности документа
1. Зайдите в приложение СберБанк Онлайн в раздел «Выписки и справки»
2. Нажмите кнопку в верхнем правом углу и отсканируйте QR-код*
3. Получите документ в электронном виде
Действителен
до 03.11.2026 * Предоставляя QR-код третьим лицам, вы соглашаетесь на передачу и сохранение данных, указанных в документеВыписка по платёжному счёту Страница 2 из 4
ДАТА ОПЕРАЦИИ (МСК) КАТЕГОРИЯ СУММА В ВАЛЮТЕ СЧЁТА ОСТАТОК СРЕДСТВ
Дата обработки1 Описание операции Сумма в валюте В валюте счёта
и код авторизации операции2
01.09.2026 11:35 Супермаркеты 94,99 1 044,83
01.09.2026 397598 BRISTOL 2014 N.NOVGOROD RUS. Операция по карте
****6193
31.08.2026 18:28 Супермаркеты 181,78 1 139,82
31.08.2026 719648 BRISTOL 2014 N.NOVGOROD RUS. Операция по карте
****6193
31.08.2026 18:08 Перевод СБП 5 000,00 1 321,60
31.08.2026 998896 Перевод в T-Bank. Операция по счету ****5667
31.08.2026 18:07 Внесение наличных +5 050,00 6 321,60
31.08.2026 253905 Банкомат №60021140. Операция по карте ****6193
31.08.2026 18:02 Перевод СБП 19 000,00 1 271,60
31.08.2026 179839 Перевод в T-Bank. Операция по счету ****5667
31.08.2026 18:02 Перевод на карту +173,60 20 271,60
31.08.2026 158183 Перевод от Е. Глеб Викторович. Операция по счету
****5667
31.08.2026 18:00 Внесение наличных +20 050,00 20 098,00
31.08.2026 075944 Банкомат №60037324. Операция по карте ****6193
30.08.2026 19:47 Рестораны и кафе 727,00 48,00
31.08.2026 809404 YM*vkusnoitochka MOSKVA RUS. Операция по карте
****6193
30.08.2026 22:15 Транспорт 40,00 775,00
31.08.2026 129312 SITICARD TRANSPORT TPP N.NOVGOROD RUS. Операция по
карте ****6193
30.08.2026 20:30 Транспорт 40,00 815,00
30.08.2026 789258 SITICARD TRANSPORT TPP N.NOVGOROD RUS. Операция по
карте ****6193
30.08.2026 22:25 Перевод с карты 340,59 855,00
30.08.2026 619731 Перевод для Е. Глеб Викторович. Операция по счету
****5667
30.08.2026 18:25 Транспорт 40,00 1 195,59
30.08.2026 929090 SITICARD TRANSPORT TPP N.NOVGOROD RUS. Операция по
карте ****6193
30.08.2026 19:35 Внесение наличных +1 000,00 1 235,59
30.08.2026 959587 Банкомат №60075287. Операция по карте ****6193
30.08.2026 16:18 Транспорт 40,00 235,59
30.08.2026 835687 SITICARD TRANSPORT TPP N.NOVGOROD RUS. Операция по
карте ****6193
30.08.2026 19:09 Прочие расходы 300,00 275,59
30.08.2026 195304 SDEK-NN N.NOVGOROD RUS. Операция по карте ****6193
30.08.2026 18:18 Супермаркеты 56,79 575,59
30.08.2026 960483 KRASNOE&BELOE N.NOVGOROD RUS. Операция по карте
****6193
30.08.2026 18:18 Супермаркеты 68,99 632,38
30.08.2026 141057 KRASNOE&BELOE N.NOVGOROD RUS. Операция по карте
****6193
30.08.2026 18:03 Здоровье и красота 1 100,00 701,37
30.08.2026 374148 SP_BLACK PANTHER N.NOVGOROD RUS. Операция по карте
****6193
30.08.2026 17:17 Супермаркеты 89,99 1 801,37
30.08.2026 438990 PYATEROCHKA 2587 N.NOVGOROD RUS. Операция по карте
****6193
30.08.2026 16:57 Супермаркеты 188,97 1 891,36
30.08.2026 984023 KRASNOE&BELOE N.NOVGOROD RUS. Операция по карте
****6193
Продолжение на следующей страницеВыписка по платёжному счёту Страница 3 из 4
ДАТА ОПЕРАЦИИ (МСК) КАТЕГОРИЯ СУММА В ВАЛЮТЕ СЧЁТА ОСТАТОК СРЕДСТВ
Дата обработки1 Описание операции Сумма в валюте В валюте счёта
и код авторизации операции2
30.08.2026 15:07 Перевод СБП +600,00 2 080,33
30.08.2026 927871 Перевод из T-Bank. Операция по счету ****5667
30.08.2026 11:53 Перевод на карту +21,00 1 480,33
30.08.2026 403129 Перевод от Е. Глеб Викторович. Операция по счету
****5667
30.08.2026 11:53 Перевод СБП +1 000,00 1 459,33
30.08.2026 648252 Перевод из T-Bank. Операция по счету ****5667
29.08.2026 21:23 Транспорт 40,00 459,33
30.08.2026 346971 SITICARD TRANSPORT TPP N.NOVGOROD RUS. Операция по
карте ****6193
29.08.2026 20:06 Транспорт 40,00 499,33
29.08.2026 362546 SITICARD TRANSPORT TPP N.NOVGOROD RUS. Операция по
карте ****6193
29.08.2026 20:17 Транспорт 40,00 539,33
29.08.2026 012619 SITICARD TRANSPORT TPP N.NOVGOROD RUS. Операция по
карте ****6193
29.08.2026 19:51 Транспорт 40,00 579,33
29.08.2026 521733 SITICARD TRANSPORT TPP N.NOVGOROD RUS. Операция по
карте ****6193
29.08.2026 19:29 Транспорт 40,00 619,33
29.08.2026 531540 SITICARD TRANSPORT TPP N.NOVGOROD RUS. Операция по
карте ****6193
29.08.2026 21:31 Перевод с карты 580,00 659,33
29.08.2026 901249 Перевод для Е. Глеб Викторович. Операция по счету
****5667
29.08.2026 18:19 Транспорт 40,00 1 239,33
29.08.2026 366088 SITICARD TRANSPORT TPP N.NOVGOROD RUS. Операция по
карте ****6193
29.08.2026 18:58 Перевод на карту +500,00 1 279,33
29.08.2026 605842 Перевод от М. Антон Дмитриевич. Операция по счету
****5667
29.08.2026 16:20 Транспорт 40,00 779,33
29.08.2026 369518 SITICARD TRANSPORT TPP N.NOVGOROD RUS. Операция по
карте ****6193
29.08.2026 17:48 Оплата по QR–коду СБП 1 153,00 819,33
29.08.2026 170413 SBSCR_23031 MOP SBP. Операция по карте ****6193
29.08.2026 17:47 Перевод СБП +1 000,00 1 972,33
29.08.2026 776874 Перевод из T-Bank. Операция по счету ****5667
28.08.2026 18:31 Рестораны и кафе 5 395,00 972,33
29.08.2026 232589 Restoran Dzhani NIZHNIJ NOVGO RUS. Операция по карте
****6193
*
Дата формирования документа 04.09.2026
40601D00C08FCE2CD999F93A68651986
с 02.07.2025 по 02.10.2026
04.09.2026
Продолжение на следующей страницеВыписка по платёжному счёту Страница 4 из 4
ПАО Сбербанк. Генеральная лицензия Банка России на осуществление банковских операций № 1481 от 11.08.2015.
Денежные средства списываются после получения банком подтверждения о проведении финансовой операции.
В выписке отображаются только обработанные в заданном периоде операции.
Срок обработки операций до 4 дней, но в редких случаях до 30 дней.
1
Дата списания/зачисления денежных средств на счёт
2
По курсу банка на дату обработки операции
*
Согласно статье 6 закона № 63-ФЗ «Об электронной подписи» электронные документы, подписанные квалифицированной
электронной подписью, признаются равнозначными документам, подписанным собственноручно и могут применяться в любых
правоотношениях в соответствии с законодательством РФ.
Скачать электронный формат подписи можно в веб-версии СберБанк Онлайн в разделе «Выписки и справки».
Проверить подпись можно в сервисе портала Госуслуг «Проверка квалифицированной электронной подписи».
2026-09-05 02:38:12,475 | INFO | Update id=311432013 is handled. Duration 10469 ms by bot id=8616063778
2026-09-05 02:38:55,213 | INFO | Update id=311432014 is handled. Duration 984 ms by bot id=8616063778
2026-09-05 03:00:01,648 | INFO | Polling stopped for bot @sfddssdf111_bot id=8616063778 - 'sber bot'
2026-09-05 03:00:01,648 | INFO | Polling stopped
2026-09-05 03:01:02,427 | INFO | PDF text extracted:
900 www.sberbank.ru Заказано в СберБанк Онлайн
ул. Вавилова, д. 19, Москва, 117312
Выписка по платёжному счёту
За период 29.08.2026 — 04.09.2026
ИТОГО ПО ОПЕРАЦИЯМ ЗА ПЕРИОД:
Владелец счёта
Ермаков Глеб Викторович
Остаток на 29.08.2026 6 367,33
Номер счёта 40817 810 8 4200 8935667 Пополнение 33 794,60
Карты, привязанные к счёту МИР Сберкарта •• 6193 Списание 39 295,53
Валюта Российский рубль
Остаток на 04.09.2026 866,40
Дата открытия счёта 04.06.2024
Дата закрытия счёта -
Расшифровка операций
ДАТА ОПЕРАЦИИ (МСК) КАТЕГОРИЯ СУММА В ВАЛЮТЕ СЧЁТА ОСТАТОК СРЕДСТВ
Дата обработки1 Описание операции Сумма в валюте В валюте счёта
и код авторизации операции2
04.09.2026 14:38 Супермаркеты 249,67 866,40
04.09.2026 274764 BRISTOL 2014 N.NOVGOROD RUS. Операция по карте
****6193
03.09.2026 19:27 Прочие расходы 925,00 1 116,07
04.09.2026 972535 BOLUSHEV M. V. NIZHNIY NOVGO RUS. Операция по карте
****6193
03.09.2026 19:59 Перевод СБП +1 000,00 2 041,07
03.09.2026 777993 Перевод из T-Bank. Операция по счету ****5667
03.09.2026 15:57 Коммунальные платежи, связь, интернет. 550,00 1 041,07
03.09.2026 273070 MEGAFON 3DS_CVC MOSCOW RUS. Операция по карте
****6193
03.09.2026 15:58 Перевод СБП +1 000,00 1 591,07
03.09.2026 169216 Перевод из T-Bank. Операция по счету ****5667
03.09.2026 14:39 Супермаркеты 169,78 591,07
03.09.2026 104161 BRISTOL 2014 N.NOVGOROD RUS. Операция по карте
****6193
02.09.2026 19:36 Перевод с карты 2 400,00 760,85
02.09.2026 524095 Перевод для М. Анастасия Олеговна. Операция по счету
****5667
02.09.2026 16:52 Перевод на карту +2 400,00 3 160,85
02.09.2026 771897 Перевод от Ш. Екатерина Юрьевна. Операция по счету
****5667
02.09.2026 15:37 Супермаркеты 184,98 760,85
02.09.2026 620308 BRISTOL 2014 N.NOVGOROD RUS. Операция по карте
****6193
02.09.2026 00:42 Оплата по QR–коду СБП 99,00 945,83
02.09.2026 858966 SBSCR_ООО "ПРЕМЬЕР". Операция по карте ****6193
Продолжение на следующей странице
Для проверки подлинности документа
1. Зайдите в приложение СберБанк Онлайн в раздел «Выписки и справки»
2. Нажмите кнопку в верхнем правом углу и отсканируйте QR-код*
3. Получите документ в электронном виде
Действителен
до 03.11.2026 * Предоставляя QR-код третьим лицам, вы соглашаетесь на передачу и сохранение данных, указанных в документеВыписка по платёжному счёту Страница 2 из 4
ДАТА ОПЕРАЦИИ (МСК) КАТЕГОРИЯ СУММА В ВАЛЮТЕ СЧЁТА ОСТАТОК СРЕДСТВ
Дата обработки1 Описание операции Сумма в валюте В валюте счёта
и код авторизации операции2
01.09.2026 11:35 Супермаркеты 94,99 1 044,83
01.09.2026 397598 BRISTOL 2014 N.NOVGOROD RUS. Операция по карте
****6193
31.08.2026 18:28 Супермаркеты 181,78 1 139,82
31.08.2026 719648 BRISTOL 2014 N.NOVGOROD RUS. Операция по карте
****6193
31.08.2026 18:08 Перевод СБП 5 000,00 1 321,60
31.08.2026 998896 Перевод в T-Bank. Операция по счету ****5667
31.08.2026 18:07 Внесение наличных +5 050,00 6 321,60
31.08.2026 253905 Банкомат №60021140. Операция по карте ****6193
31.08.2026 18:02 Перевод СБП 19 000,00 1 271,60
31.08.2026 179839 Перевод в T-Bank. Операция по счету ****5667
31.08.2026 18:02 Перевод на карту +173,60 20 271,60
31.08.2026 158183 Перевод от Е. Глеб Викторович. Операция по счету
****5667
31.08.2026 18:00 Внесение наличных +20 050,00 20 098,00
31.08.2026 075944 Банкомат №60037324. Операция по карте ****6193
30.08.2026 19:47 Рестораны и кафе 727,00 48,00
31.08.2026 809404 YM*vkusnoitochka MOSKVA RUS. Операция по карте
****6193
30.08.2026 22:15 Транспорт 40,00 775,00
31.08.2026 129312 SITICARD TRANSPORT TPP N.NOVGOROD RUS. Операция по
карте ****6193
30.08.2026 20:30 Транспорт 40,00 815,00
30.08.2026 789258 SITICARD TRANSPORT TPP N.NOVGOROD RUS. Операция по
карте ****6193
30.08.2026 22:25 Перевод с карты 340,59 855,00
30.08.2026 619731 Перевод для Е. Глеб Викторович. Операция по счету
****5667
30.08.2026 18:25 Транспорт 40,00 1 195,59
30.08.2026 929090 SITICARD TRANSPORT TPP N.NOVGOROD RUS. Операция по
карте ****6193
30.08.2026 19:35 Внесение наличных +1 000,00 1 235,59
30.08.2026 959587 Банкомат №60075287. Операция по карте ****6193
30.08.2026 16:18 Транспорт 40,00 235,59
30.08.2026 835687 SITICARD TRANSPORT TPP N.NOVGOROD RUS. Операция по
карте ****6193
30.08.2026 19:09 Прочие расходы 300,00 275,59
30.08.2026 195304 SDEK-NN N.NOVGOROD RUS. Операция по карте ****6193
30.08.2026 18:18 Супермаркеты 56,79 575,59
30.08.2026 960483 KRASNOE&BELOE N.NOVGOROD RUS. Операция по карте
****6193
30.08.2026 18:18 Супермаркеты 68,99 632,38
30.08.2026 141057 KRASNOE&BELOE N.NOVGOROD RUS. Операция по карте
****6193
30.08.2026 18:03 Здоровье и красота 1 100,00 701,37
30.08.2026 374148 SP_BLACK PANTHER N.NOVGOROD RUS. Операция по карте
****6193
30.08.2026 17:17 Супермаркеты 89,99 1 801,37
30.08.2026 438990 PYATEROCHKA 2587 N.NOVGOROD RUS. Операция по карте
****6193
30.08.2026 16:57 Супермаркеты 188,97 1 891,36
30.08.2026 984023 KRASNOE&BELOE N.NOVGOROD RUS. Операция по карте
****6193
Продолжение на следующей страницеВыписка по платёжному счёту Страница 3 из 4
ДАТА ОПЕРАЦИИ (МСК) КАТЕГОРИЯ СУММА В ВАЛЮТЕ СЧЁТА ОСТАТОК СРЕДСТВ
Дата обработки1 Описание операции Сумма в валюте В валюте счёта
и код авторизации операции2
30.08.2026 15:07 Перевод СБП +600,00 2 080,33
30.08.2026 927871 Перевод из T-Bank. Операция по счету ****5667
30.08.2026 11:53 Перевод на карту +21,00 1 480,33
30.08.2026 403129 Перевод от Е. Глеб Викторович. Операция по счету
****5667
30.08.2026 11:53 Перевод СБП +1 000,00 1 459,33
30.08.2026 648252 Перевод из T-Bank. Операция по счету ****5667
29.08.2026 21:23 Транспорт 40,00 459,33
30.08.2026 346971 SITICARD TRANSPORT TPP N.NOVGOROD RUS. Операция по
карте ****6193
29.08.2026 20:06 Транспорт 40,00 499,33
29.08.2026 362546 SITICARD TRANSPORT TPP N.NOVGOROD RUS. Операция по
карте ****6193
29.08.2026 20:17 Транспорт 40,00 539,33
29.08.2026 012619 SITICARD TRANSPORT TPP N.NOVGOROD RUS. Операция по
карте ****6193
29.08.2026 19:51 Транспорт 40,00 579,33
29.08.2026 521733 SITICARD TRANSPORT TPP N.NOVGOROD RUS. Операция по
карте ****6193
29.08.2026 19:29 Транспорт 40,00 619,33
29.08.2026 531540 SITICARD TRANSPORT TPP N.NOVGOROD RUS. Операция по
карте ****6193
29.08.2026 21:31 Перевод с карты 580,00 659,33
29.08.2026 901249 Перевод для Е. Глеб Викторович. Операция по счету
****5667
29.08.2026 18:19 Транспорт 40,00 1 239,33
29.08.2026 366088 SITICARD TRANSPORT TPP N.NOVGOROD RUS. Операция по
карте ****6193
29.08.2026 18:58 Перевод на карту +500,00 1 279,33
29.08.2026 605842 Перевод от М. Антон Дмитриевич. Операция по счету
****5667
29.08.2026 16:20 Транспорт 40,00 779,33
29.08.2026 369518 SITICARD TRANSPORT TPP N.NOVGOROD RUS. Операция по
карте ****6193
29.08.2026 17:48 Оплата по QR–коду СБП 1 153,00 819,33
29.08.2026 170413 SBSCR_23031 MOP SBP. Операция по карте ****6193
29.08.2026 17:47 Перевод СБП +1 000,00 1 972,33
29.08.2026 776874 Перевод из T-Bank. Операция по счету ****5667
28.08.2026 18:31 Рестораны и кафе 5 395,00 972,33
29.08.2026 232589 Restoran Dzhani NIZHNIJ NOVGO RUS. Операция по карте
****6193
*
Дата формирования документа 04.09.2026
40601D00C08FCE2CD999F93A68651986
с 02.07.2025 по 02.10.2026
04.09.2026
Продолжение на следующей страницеВыписка по платёжному счёту Страница 4 из 4
ПАО Сбербанк. Генеральная лицензия Банка России на осуществление банковских операций № 1481 от 11.08.2015.
Денежные средства списываются после получения банком подтверждения о проведении финансовой операции.
В выписке отображаются только обработанные в заданном периоде операции.
Срок обработки операций до 4 дней, но в редких случаях до 30 дней.
1
Дата списания/зачисления денежных средств на счёт
2
По курсу банка на дату обработки операции
*
Согласно статье 6 закона № 63-ФЗ «Об электронной подписи» электронные документы, подписанные квалифицированной
электронной подписью, признаются равнозначными документам, подписанным собственноручно и могут применяться в любых
правоотношениях в соответствии с законодательством РФ.
Скачать электронный формат подписи можно в веб-версии СберБанк Онлайн в разделе «Выписки и справки».
Проверить подпись можно в сервисе портала Госуслуг «Проверка квалифицированной электронной подписи».
2026-09-05 03:01:10,032 | INFO | Update id=311432016 is handled. Duration 11765 ms by bot id=8616063778
2026-09-05 03:01:12,588 | INFO | Update id=311432017 is not handled. Duration 0 ms by bot id=8616063778
2026-09-05 03:06:38,237 | INFO | PDF text extracted:
АКЦИОНЕРНОЕ ОБЩЕСТВО «ТБАНК»
РОССИЯ, 127287, МОСКВА, УЛ. 2-Я ХУТОРСКАЯ, Д. 38А, СТР. 26
ТЕЛ.: +7 495 648-10-00, TBANK.RU
Справка о движении средств
Исх. № df057025 05.09.2026
Логвинов Никита Анатольевич
Адрес места жительства: 456080, Челябинская Обл, Г Трехгорный, Ул Островского , д. 71, корп. 1, стр. 1, кв. 37
О продукте
Дата заключения договора: 15.07.2022
Номер договора: 5765542997
Номер лицевого счета: 40817810600065865209
Движение средств за период с 05.09.2025 по 05.09.2026
Дата и время Дата Сумма в валюте Сумма операции Описание Номер
операции списания операции в валюте карты операции карты
04.09.2026 04.09.2026 -99.00 ₽ -99.00 ₽ Плата за обслуживание —
23:06 23:06
04.09.2026 04.09.2026 -78.00 ₽ -78.00 ₽ Внутренний перевод на 6493
17:19 17:20 договор 8338271601
04.09.2026 04.09.2026 -1 022.00 ₽ -1 022.00 ₽ Оплата в Золотое Яблоко 6493
17:19 17:21
04.09.2026 04.09.2026 -8.00 ₽ -8.00 ₽ Внутренний перевод на 6493
14:51 14:53 договор 8338271601
04.09.2026 04.09.2026 -42.00 ₽ -42.00 ₽ Оплата в Оплата проезда 6493
14:51 14:52 на bilet.nspk.ru
04.09.2026 04.09.2026 -450.00 ₽ -450.00 ₽ Внешний перевод по 6493
10:46 10:46 номеру телефона
+79823602595
03.09.2026 03.09.2026 -40.75 ₽ -40.75 ₽ Внутренний перевод на 6493
19:25 19:26 договор 8338271601
03.09.2026 03.09.2026 -259.25 ₽ -259.25 ₽ Оплата в MONETKA 6493
19:25 19:26
03.09.2026 03.09.2026 -8.00 ₽ -8.00 ₽ Внутренний перевод на 6493
18:34 18:34 договор 8338271601
03.09.2026 03.09.2026 -42.00 ₽ -42.00 ₽ Оплата в Оплата проезда 6493
18:34 18:35 на bilet.nspk.ru
03.09.2026 03.09.2026 -390.00 ₽ -390.00 ₽ Оплата в Kafe v TTS Raduga 6493
17:49 18:38 Park Yekaterinburg RUS
03.09.2026 03.09.2026 -10.00 ₽ -10.00 ₽ Внутренний перевод на 6493
17:49 17:49 договор 8338271601
03.09.2026 03.09.2026 -40.00 ₽ -40.00 ₽ Внутренний перевод на 6493
14:14 14:14 договор 8338271601
03.09.2026 03.09.2026 -560.00 ₽ -560.00 ₽ Оплата в A TY GDE 6493
14:14 14:14
03.09.2026 03.09.2026 -0.01 ₽ -0.01 ₽ Внутренний перевод на 6493
07:32 07:32 договор 8338271601
03.09.2026 03.09.2026 -39.99 ₽ -39.99 ₽ Оплата в MONETKA 6493
07:32 07:32
АО «ТБанк» универсальная лицензия Банка России № 2673, к/с 30101810145250000974 в ГУ Банка России по ЦФО
БИК 044525974 ИНН 7710140679 КПП 771301001
1Дата и время Дата Сумма в валюте Сумма операции Описание Номер
операции списания операции в валюте карты операции карты
03.09.2026 03.09.2026 -415.00 ₽ -415.00 ₽ Оплата услуг mBank.MTS 6493
07:03 07:03
02.09.2026 02.09.2026 -29.10 ₽ -29.10 ₽ Внутренний перевод на 6493
19:29 19:30 договор 8338271601
02.09.2026 02.09.2026 -220.90 ₽ -220.90 ₽ Оплата в MONETKA 6493
19:29 19:30
01.09.2026 01.09.2026 -920.00 ₽ -920.00 ₽ Внешний перевод по 6493
17:41 17:41 номеру телефона
+79823602595
01.09.2026 01.09.2026 -55.00 ₽ -55.00 ₽ Внешний банковский 6493
13:03 13:03 перевод счёт
40703810677700000055,
ФИЛИАЛ "ДЕЛО" АО БАНК
СИНАРА
31.08.2026 31.08.2026 -3 650.00 ₽ -3 650.00 ₽ Оплата в CP* BRIGHTFIT 0490
21:21 21:36 MOSKVA RUS
31.08.2026 31.08.2026 -350.00 ₽ -350.00 ₽ Внутренний перевод на 0490
21:21 21:22 договор 8338271601
30.08.2026 30.08.2026 -50.00 ₽ -50.00 ₽ Внутренний перевод на 6493
16:00 16:01 договор 8338271601
30.08.2026 30.08.2026 -750.00 ₽ -750.00 ₽ Оплата в DNS 6493
16:00 16:01
30.08.2026 30.08.2026 -1.00 ₽ -1.00 ₽ Внутренний перевод на 6493
13:45 13:45 договор 8338271601
30.08.2026 30.08.2026 -99.00 ₽ -99.00 ₽ Оплата в Пионерский 6493
13:45 13:45
30.08.2026 30.08.2026 -1.00 ₽ -1.00 ₽ Внутренний перевод на 6493
13:43 13:44 договор 8338271601
30.08.2026 30.08.2026 -99.00 ₽ -99.00 ₽ Оплата в Пионерский 6493
13:43 13:44
30.08.2026 30.08.2026 +2 000.00 ₽ +2 000.00 ₽ Пополнение. Система 6493
13:13 13:13 быстрых платежей
30.08.2026 30.08.2026 -3 000.00 ₽ -3 000.00 ₽ Внешний перевод по 6493
12:28 12:28 номеру телефона
+79823602595
30.08.2026 30.08.2026 +8 000.00 ₽ +8 000.00 ₽ Перевод с договора 6493
07:26 07:26 8000882521
29.08.2026 29.08.2026 -20.01 ₽ -20.01 ₽ Внутренний перевод на 6493
18:25 18:25 договор 8338271601
29.08.2026 29.08.2026 -79.99 ₽ -79.99 ₽ Оплата в MONETKA 6493
18:25 18:26
29.08.2026 29.08.2026 -37.12 ₽ -37.12 ₽ Внутренний перевод на 6493
18:19 18:19 договор 8338271601
29.08.2026 29.08.2026 -562.88 ₽ -562.88 ₽ Оплата в KRASNOE&BELOE 6493
18:19 18:19
29.08.2026 29.08.2026 -510.00 ₽ -510.00 ₽ Оплата услуг mBank.MTS 6493
09:58 09:58
29.08.2026 29.08.2026 -1 600.00 ₽ -1 600.00 ₽ Оплата услуг mBank.MTS 6493
09:56 09:56
29.08.2026 29.08.2026 +1 600.00 ₽ +1 600.00 ₽ Пополнение. Система 6493
09:56 09:56 быстрых платежей
28.08.2026 28.08.2026 +584.00 ₽ +584.00 ₽ Пополнение. Система 6493
19:06 19:07 быстрых платежей
28.08.2026 28.08.2026 +15 000.00 ₽ +15 000.00 ₽ Пополнение. Система 6493
18:47 18:48 быстрых платежей
АО «ТБанк» универсальная лицензия Банка России № 2673, к/с 30101810145250000974 в ГУ Банка России по ЦФО
БИК 044525974 ИНН 7710140679 КПП 771301001
2Дата и время Дата Сумма в валюте Сумма операции Описание Номер
операции списания операции в валюте карты операции карты
28.08.2026 28.08.2026 -0.01 ₽ -0.01 ₽ Внутренний перевод на 6493
18:00 18:00 договор 8338271601
28.08.2026 28.08.2026 -799.99 ₽ -799.99 ₽ Оплата в Magnit Kosmetika 6493
18:00 18:01
28.08.2026 28.08.2026 -8.00 ₽ -8.00 ₽ Внутренний перевод на 0490
17:14 17:14 договор 8338271601
28.08.2026 28.08.2026 -392.00 ₽ -392.00 ₽ Оплата в 0490
17:14 18:01 YANDEX*5814*EDA Moskva
RUS
28.08.2026 28.08.2026 -51.29 ₽ -51.29 ₽ Внутренний перевод на 6493
16:50 16:50 договор 8338271601
28.08.2026 28.08.2026 -1 148.71 ₽ -1 148.71 ₽ Оплата в KRASNOE&BELOE 6493
16:50 16:51
27.08.2026 28.08.2026 +300.00 ₽ +300.00 ₽ Пополнение. Система 6493
22:38 03:41 быстрых платежей
27.08.2026 27.08.2026 -19.00 ₽ -19.00 ₽ Внутренний перевод на 6493
18:34 18:34 договор 8338271601
27.08.2026 27.08.2026 -281.00 ₽ -281.00 ₽ Оплата в Строительный 6493
18:34 18:34 Двор
27.08.2026 27.08.2026 -16.00 ₽ -16.00 ₽ Внутренний перевод на 6493
15:46 15:46 договор 8338271601
27.08.2026 27.08.2026 -584.00 ₽ -584.00 ₽ Оплата в 70327 MOP SBP 6493
15:46 15:46
22.08.2026 22.08.2026 -15.03 ₽ -15.03 ₽ Внутренний перевод на 6493
13:59 13:59 договор 8338271601
22.08.2026 22.08.2026 -234.97 ₽ -234.97 ₽ Оплата в MONETKA 6493
13:59 14:01
20.08.2026 20.08.2026 +1 750.00 ₽ +1 750.00 ₽ Перевод с договора 6493
21:15 21:16 5299952344
20.08.2026 20.08.2026 -290.00 ₽ -290.00 ₽ Внешний перевод по 6493
19:57 19:58 номеру телефона
+79193387893
20.08.2026 20.08.2026 -0.03 ₽ -0.03 ₽ Внутренний перевод на 6493
19:57 19:57 договор 8338271601
20.08.2026 20.08.2026 -299.97 ₽ -299.97 ₽ Оплата в Магнит 6493
19:57 19:58
20.08.2026 20.08.2026 -40.00 ₽ -40.00 ₽ Оплата в RK*PRX6 MOSKVA 0490
13:28 13:34 RUS
19.08.2026 19.08.2026 -30.02 ₽ -30.02 ₽ Внутренний перевод на 6493
19:12 19:12 договор 8338271601
19.08.2026 19.08.2026 -119.98 ₽ -119.98 ₽ Оплата в KRASNOE&BELOE 6493
19:12 19:14
19.08.2026 19.08.2026 -10 500.00 ₽ -10 500.00 ₽ Внутренний перевод на 6493
14:29 14:29 договор 5686655225
19.08.2026 19.08.2026 +10 500.00 ₽ +10 500.00 ₽ Пополнение. Система 6493
13:10 13:10 быстрых платежей
18.08.2026 18.08.2026 -35.03 ₽ -35.03 ₽ Внутренний перевод на 6493
19:21 19:21 договор 8338271601
18.08.2026 18.08.2026 -164.97 ₽ -164.97 ₽ Оплата в Магнит 6493
19:21 19:22
18.08.2026 18.08.2026 +760.00 ₽ +760.00 ₽ Пополнение. Система 6493
18:35 18:35 быстрых платежей
18.08.2026 18.08.2026 -750.00 ₽ -750.00 ₽ Внешний перевод по 6493
18:30 18:30 номеру телефона
+79823602595
АО «ТБанк» универсальная лицензия Банка России № 2673, к/с 30101810145250000974 в ГУ Банка России по ЦФО
БИК 044525974 ИНН 7710140679 КПП 771301001
3Дата и время Дата Сумма в валюте Сумма операции Описание Номер
операции списания операции в валюте карты операции карты
18.08.2026 18.08.2026 -500.00 ₽ -500.00 ₽ Внешний перевод по 6493
08:52 08:53 номеру телефона
+79193212126
18.08.2026 18.08.2026 +500.00 ₽ +500.00 ₽ Пополнение. Система 6493
08:22 08:22 быстрых платежей
16.08.2026 16.08.2026 +3 000.00 ₽ +3 000.00 ₽ Пополнение. Система 6493
15:44 15:44 быстрых платежей
16.08.2026 16.08.2026 -2 550.00 ₽ -2 550.00 ₽ Внешний перевод по 6493
15:44 15:44 номеру телефона
+79823602595
16.08.2026 16.08.2026 -31.32 ₽ -31.32 ₽ Внутренний перевод на 6493
15:37 15:37 договор 8338271601
16.08.2026 16.08.2026 -168.68 ₽ -168.68 ₽ Оплата в KRASNOE&BELOE 6493
15:37 15:38
16.08.2026 16.08.2026 +500.00 ₽ +500.00 ₽ Пополнение. Система 6493
11:00 11:00 быстрых платежей
15.08.2026 15.08.2026 -47.85 ₽ -47.85 ₽ Внутренний перевод на 6493
13:27 13:27 договор 8338271601
15.08.2026 15.08.2026 -352.15 ₽ -352.15 ₽ Оплата в KRASNOE&BELOE 6493
13:27 13:28
14.08.2026 14.08.2026 -80.06 ₽ -80.06 ₽ Внутренний перевод на 6493
15:18 15:18 договор 8338271601
14.08.2026 14.08.2026 -419.94 ₽ -419.94 ₽ Оплата в MONETKA 6493
15:18 15:19
14.08.2026 14.08.2026 -62.05 ₽ -62.05 ₽ Внутренний перевод на 6493
13:19 13:21 договор 8338271601
14.08.2026 14.08.2026 -337.95 ₽ -337.95 ₽ Оплата в PYATEROCHKA 6493
13:19 13:20 9121
13.08.2026 13.08.2026 +3 000.00 ₽ +3 000.00 ₽ Перевод с договора 6493
21:52 21:52 5039870954
13.08.2026 13.08.2026 +4 000.00 ₽ +4 000.00 ₽ Пополнение. Система 6493
18:25 18:26 быстрых платежей
12.08.2026 12.08.2026 -55.04 ₽ -55.04 ₽ Внутренний перевод на 6493
14:24 14:25 договор 8338271601
12.08.2026 12.08.2026 -344.96 ₽ -344.96 ₽ Оплата в PYATEROCHKA 6493
14:24 14:25 19984
11.08.2026 11.08.2026 -329.43 ₽ -329.43 ₽ Внутренний перевод на 6493
18:58 18:59 договор 8338271601
11.08.2026 11.08.2026 -4 170.57 ₽ -4 170.57 ₽ Оплата в Магнит 6493
18:58 19:00
11.08.2026 11.08.2026 +1 340.00 ₽ +1 340.00 ₽ Перевод себе 6493
18:57 18:57
11.08.2026 11.08.2026 -20.01 ₽ -20.01 ₽ Внутренний перевод на 6493
15:21 15:22 договор 8338271601
11.08.2026 11.08.2026 -129.99 ₽ -129.99 ₽ Оплата в BURGER KING 6493
15:21 15:23 0425
11.08.2026 11.08.2026 -99.04 ₽ -99.04 ₽ Внутренний перевод на 6493
15:16 15:16 договор 8338271601
11.08.2026 11.08.2026 -600.96 ₽ -600.96 ₽ Оплата в BURGER KING 6493
15:16 15:16 0425
11.08.2026 11.08.2026 -362.89 ₽ -362.89 ₽ Оплата в DELIMOBIL 0490
11:04 13:04 EKATERINBURG MOSCOW
RUS
11.08.2026 11.08.2026 -37.11 ₽ -37.11 ₽ Внутренний перевод на 0490
11:04 11:04 договор 8338271601
АО «ТБанк» универсальная лицензия Банка России № 2673, к/с 30101810145250000974 в ГУ Банка России по ЦФО
БИК 044525974 ИНН 7710140679 КПП 771301001
4Дата и время Дата Сумма в валюте Сумма операции Описание Номер
операции списания операции в валюте карты операции карты
11.08.2026 11.08.2026 -10.00 ₽ -10.00 ₽ Внутренний перевод на 0490
10:34 10:35 договор 8338271601
11.08.2026 11.08.2026 -9.00 ₽ -9.00 ₽ Внутренний перевод на 0490
10:34 10:35 договор 8338271601
11.08.2026 11.08.2026 -5.02 ₽ -5.02 ₽ Внутренний перевод на 6493
09:26 09:26 договор 8338271601
11.08.2026 11.08.2026 -194.98 ₽ -194.98 ₽ Оплата в MONETKA 6493
09:26 09:27
11.08.2026 11.08.2026 -80.05 ₽ -80.05 ₽ Внутренний перевод на 6493
09:19 09:19 договор 8338271601
11.08.2026 11.08.2026 -919.95 ₽ -919.95 ₽ Оплата в Magnit Kosmetika 6493
09:19 09:19
10.08.2026 11.08.2026 +69.99 ₽ +69.99 ₽ Возврат покупки через 6493
23:56 03:16 СБП. Магнит
10.08.2026 10.08.2026 -96.06 ₽ -96.06 ₽ Внутренний перевод на 6493
16:40 16:41 договор 8338271601
10.08.2026 10.08.2026 -403.94 ₽ -403.94 ₽ Оплата в Магнит 6493
16:40 16:42
09.08.2026 09.08.2026 -9.98 ₽ -9.98 ₽ Внутренний перевод на 6493
20:53 20:54 договор 8338271601
09.08.2026 09.08.2026 -30.02 ₽ -30.02 ₽ Оплата в FUNPAY 6493
20:53 20:54
09.08.2026 09.08.2026 -38.13 ₽ -38.13 ₽ Внутренний перевод на 6493
16:57 16:57 договор 8338271601
09.08.2026 09.08.2026 -61.87 ₽ -61.87 ₽ Оплата в KRASNOE&BELOE 6493
16:57 16:58
09.08.2026 11.08.2026 -3 975.74 ₽ -3 975.74 ₽ Оплата в 0490
11:27 11:39 YANDEX*4112*RASP g.
Moskva RUS
09.08.2026 09.08.2026 -24.26 ₽ -24.26 ₽ Внутренний перевод на 0490
11:27 11:27 договор 8338271601
09.08.2026 09.08.2026 +2 000.00 ₽ +2 000.00 ₽ Перевод с договора 6493
11:26 11:26 8259849500
08.08.2026 08.08.2026 -28.23 ₽ -28.23 ₽ Внутренний перевод на 6493
19:45 19:46 договор 8338271601
08.08.2026 08.08.2026 -221.77 ₽ -221.77 ₽ Оплата в KRASNOE&BELOE 6493
19:45 19:46
08.08.2026 08.08.2026 -0.01 ₽ -0.01 ₽ Внутренний перевод на 6493
19:29 19:29 договор 8338271601
08.08.2026 08.08.2026 -99.99 ₽ -99.99 ₽ Оплата в MONETKA 6493
19:29 19:30
07.08.2026 07.08.2026 -25.02 ₽ -25.02 ₽ Внутренний перевод на 6493
19:40 19:40 договор 8338271601
07.08.2026 07.08.2026 -224.98 ₽ -224.98 ₽ Оплата в Магнит 6493
19:40 19:42
07.08.2026 07.08.2026 -20.01 ₽ -20.01 ₽ Внутренний перевод на 6493
16:10 16:10 договор 8338271601
07.08.2026 07.08.2026 -79.99 ₽ -79.99 ₽ Оплата в Магнит 6493
16:10 16:12
06.08.2026 06.08.2026 -30.01 ₽ -30.01 ₽ Внутренний перевод на 6493
20:04 20:05 договор 8338271601
06.08.2026 06.08.2026 -119.99 ₽ -119.99 ₽ Оплата в Магнит 6493
20:04 20:05
06.08.2026 06.08.2026 -39.52 ₽ -39.52 ₽ Внутренний перевод на 6493
18:58 18:58 договор 8338271601
АО «ТБанк» универсальная лицензия Банка России № 2673, к/с 30101810145250000974 в ГУ Банка России по ЦФО
БИК 044525974 ИНН 7710140679 КПП 771301001
5Дата и время Дата Сумма в валюте Сумма операции Описание Номер
операции списания операции в валюте карты операции карты
06.08.2026 06.08.2026 -110.48 ₽ -110.48 ₽ Оплата в Магнит 6493
18:58 18:59
06.08.2026 06.08.2026 -200.00 ₽ -200.00 ₽ Оплата в KAFE ATMOSFERA 6493
17:41 17:41
06.08.2026 06.08.2026 -300.00 ₽ -300.00 ₽ Оплата услуг 6493
05:09 05:09 iBank.SberMobail
06.08.2026 06.08.2026 +300.00 ₽ +300.00 ₽ Пополнение. Система 6493
05:08 05:09 быстрых платежей
05.08.2026 05.08.2026 +300.00 ₽ +300.00 ₽ Пополнение. Система 6493
21:10 21:10 быстрых платежей
05.08.2026 05.08.2026 -20.02 ₽ -20.02 ₽ Внутренний перевод на 6493
19:55 19:55 договор 8338271601
05.08.2026 05.08.2026 -279.98 ₽ -279.98 ₽ Оплата в Магнит 6493
19:55 19:55
05.08.2026 05.08.2026 -5.01 ₽ -5.01 ₽ Внутренний перевод на 6493
19:04 19:04 договор 8338271601
05.08.2026 05.08.2026 -44.99 ₽ -44.99 ₽ Оплата в Магнит 6493
19:04 19:04
05.08.2026 05.08.2026 -1 780.00 ₽ -1 780.00 ₽ Оплата в IP Nevolin Semyon 6493
17:17 18:08 Kons Trekhgornyy RUS
05.08.2026 05.08.2026 -20.00 ₽ -20.00 ₽ Внутренний перевод на 6493
17:17 17:17 договор 8338271601
05.08.2026 05.08.2026 +1 900.00 ₽ +1 900.00 ₽ Пополнение. Система 6493
16:58 16:58 быстрых платежей
04.08.2026 04.08.2026 -99.00 ₽ -99.00 ₽ Плата за обслуживание —
23:03 23:03
04.08.2026 04.08.2026 -20.03 ₽ -20.03 ₽ Внутренний перевод на 6493
20:29 20:30 договор 8338271601
04.08.2026 04.08.2026 -379.97 ₽ -379.97 ₽ Оплата в Магнит 6493
20:29 20:31
03.08.2026 03.08.2026 -14.02 ₽ -14.02 ₽ Внутренний перевод на 6493
19:14 19:14 договор 8338271601
03.08.2026 03.08.2026 -235.98 ₽ -235.98 ₽ Оплата в Магнит 6493
19:14 19:15
03.08.2026 03.08.2026 -1.00 ₽ -1.00 ₽ Внутренний перевод на 6493
18:26 18:26 договор 8338271601
03.08.2026 03.08.2026 -99.00 ₽ -99.00 ₽ Оплата в CH74104 6493
18:25 18:26
03.08.2026 03.08.2026 -50.00 ₽ -50.00 ₽ Внутренний перевод на 6493
18:10 18:11 договор 5039870954
01.08.2026 01.08.2026 -42.03 ₽ -42.03 ₽ Внутренний перевод на 6493
09:37 09:37 договор 8338271601
01.08.2026 01.08.2026 -157.97 ₽ -157.97 ₽ Оплата в 31FX Пятерочка 6493
09:37 09:38
31.07.2026 31.07.2026 -5.91 ₽ -5.91 ₽ Внутренний перевод на 6493
19:39 19:40 договор 8338271601
31.07.2026 31.07.2026 -44.09 ₽ -44.09 ₽ Оплата в 35TD ТС 6493
19:39 19:40 Пятерочка
31.07.2026 31.07.2026 +20.00 ₽ +20.00 ₽ Пополнение. Система 6493
19:10 19:10 быстрых платежей
31.07.2026 31.07.2026 -0.02 ₽ -0.02 ₽ Внутренний перевод на 6493
19:09 19:09 договор 8338271601
31.07.2026 31.07.2026 -39.98 ₽ -39.98 ₽ Оплата в Магнит 6493
19:09 19:10
АО «ТБанк» универсальная лицензия Банка России № 2673, к/с 30101810145250000974 в ГУ Банка России по ЦФО
БИК 044525974 ИНН 7710140679 КПП 771301001
6Дата и время Дата Сумма в валюте Сумма операции Описание Номер
операции списания операции в валюте карты операции карты
30.07.2026 30.07.2026 +350.00 ₽ +350.00 ₽ Пополнение. Система 6493
21:12 21:12 быстрых платежей
30.07.2026 30.07.2026 -0.01 ₽ -0.01 ₽ Внутренний перевод на 6493
20:24 20:25 договор 8338271601
30.07.2026 30.07.2026 -149.99 ₽ -149.99 ₽ Оплата в Магнит 6493
20:24 20:25
30.07.2026 30.07.2026 -20.02 ₽ -20.02 ₽ Внутренний перевод на 6493
19:34 19:35 договор 8338271601
30.07.2026 30.07.2026 -179.98 ₽ -179.98 ₽ Оплата в Магнит 6493
19:34 19:36
28.07.2026 28.07.2026 -30.01 ₽ -30.01 ₽ Внутренний перевод на 6493
19:30 19:31 договор 8338271601
28.07.2026 28.07.2026 -69.99 ₽ -69.99 ₽ Оплата в Магнит 6493
19:30 19:32
28.07.2026 28.07.2026 +96.00 ₽ +96.00 ₽ Пополнение. Система 6493
19:04 19:04 быстрых платежей
28.07.2026 28.07.2026 -11.06 ₽ -11.06 ₽ Внутренний перевод на 6493
19:03 19:03 договор 8338271601
28.07.2026 28.07.2026 -588.94 ₽ -588.94 ₽ Оплата в Магнит 6493
19:03 19:04
28.07.2026 28.07.2026 -25.02 ₽ -25.02 ₽ Внутренний перевод на 6493
17:41 17:41 договор 8338271601
28.07.2026 28.07.2026 -74.98 ₽ -74.98 ₽ Оплата в Магнит 6493
17:41 17:42
28.07.2026 28.07.2026 +216.00 ₽ +216.00 ₽ Пополнение. Система 6493
17:28 17:28 быстрых платежей
28.07.2026 28.07.2026 -2 800.00 ₽ -2 800.00 ₽ Внешний перевод по 6493
17:14 17:15 номеру телефона
+79193521120
28.07.2026 28.07.2026 -10.01 ₽ -10.01 ₽ Внутренний перевод на 6493
16:25 16:25 договор 8338271601
28.07.2026 28.07.2026 -89.99 ₽ -89.99 ₽ Оплата в Магнит 6493
16:25 16:26
27.07.2026 27.07.2026 -4.01 ₽ -4.01 ₽ Внутренний перевод на 6493
16:14 16:15 договор 8338271601
27.07.2026 27.07.2026 -45.99 ₽ -45.99 ₽ Оплата в Магнит 6493
16:14 16:16
27.07.2026 27.07.2026 -30.01 ₽ -30.01 ₽ Внутренний перевод на 6493
13:03 13:04 договор 8338271601
27.07.2026 27.07.2026 -69.99 ₽ -69.99 ₽ Оплата в Магнит 6493
13:03 13:04
26.07.2026 26.07.2026 -0.01 ₽ -0.01 ₽ Внутренний перевод на 6493
18:59 18:59 договор 8338271601
26.07.2026 26.07.2026 -29.99 ₽ -29.99 ₽ Оплата в Магазин 22363 6493
18:59 19:00
26.07.2026 26.07.2026 -30.01 ₽ -30.01 ₽ Внутренний перевод на 6493
18:17 18:17 договор 8338271601
26.07.2026 26.07.2026 -119.99 ₽ -119.99 ₽ Оплата в Магнит 6493
18:17 18:18
26.07.2026 26.07.2026 -1 475.00 ₽ -1 475.00 ₽ Внешний перевод по 6493
16:05 16:05 номеру телефона
+79823602595
23.07.2026 23.07.2026 +2 000.00 ₽ +2 000.00 ₽ Пополнение. Система 6493
11:28 11:29 быстрых платежей
АО «ТБанк» универсальная лицензия Банка России № 2673, к/с 30101810145250000974 в ГУ Банка России по ЦФО
БИК 044525974 ИНН 7710140679 КПП 771301001
7Дата и время Дата Сумма в валюте Сумма операции Описание Номер
операции списания операции в валюте карты операции карты
22.07.2026 22.07.2026 -50.00 ₽ -50.00 ₽ Внешний перевод по 6493
09:35 09:36 номеру телефона
+79823602595
21.07.2026 21.07.2026 -50.00 ₽ -50.00 ₽ Внутренний перевод на 6493
20:04 20:04 договор 5039870954
21.07.2026 21.07.2026 -33.00 ₽ -33.00 ₽ Оплата в RK*proxy6net2 0490
06:05 06:20 ELEKTROSTAL RUS
21.07.2026 21.07.2026 -7.00 ₽ -7.00 ₽ Внутренний перевод на 0490
06:05 06:05 договор 8338271601
20.07.2026 20.07.2026 +3 500.00 ₽ +3 500.00 ₽ Перевод с договора 6493
11:29 11:30 8256158301
17.07.2026 17.07.2026 -30.01 ₽ -30.01 ₽ Внутренний перевод на 6493
17:39 17:39 договор 8338271601
17.07.2026 17.07.2026 -69.99 ₽ -69.99 ₽ Оплата в 31FX Пятерочка 6493
17:39 17:39
15.07.2026 15.07.2026 -500.00 ₽ -500.00 ₽ Внешний перевод по 6493
18:14 18:15 номеру телефона
+79823602595
15.07.2026 15.07.2026 -1.00 ₽ -1.00 ₽ Оплата в YM*prostoveo 0490
00:19 03:56 Tomilino RUS
15.07.2026 15.07.2026 -9.00 ₽ -9.00 ₽ Внутренний перевод на 0490
00:19 03:27 договор 8338271601
14.07.2026 14.07.2026 -20.01 ₽ -20.01 ₽ Внутренний перевод на 6493
20:24 20:25 договор 8338271601
14.07.2026 14.07.2026 -79.99 ₽ -79.99 ₽ Оплата в Магнит 6493
20:24 20:25
14.07.2026 14.07.2026 +7 000.00 ₽ +7 000.00 ₽ Пополнение. Система 6493
16:58 16:59 быстрых платежей
13.07.2026 13.07.2026 -30.02 ₽ -30.02 ₽ Внутренний перевод на 6493
19:54 19:54 договор 8338271601
13.07.2026 13.07.2026 -169.98 ₽ -169.98 ₽ Оплата в Магнит 6493
19:54 19:55
11.07.2026 11.07.2026 -300.00 ₽ -300.00 ₽ Внутренний перевод на 6493
20:27 20:27 договор 5039870954
11.07.2026 11.07.2026 -31.65 ₽ -31.65 ₽ Внутренний перевод на 6493
19:01 19:01 договор 8338271601
11.07.2026 11.07.2026 -368.35 ₽ -368.35 ₽ Оплата в Магазин 15581 6493
19:01 19:01
10.07.2026 10.07.2026 -185.00 ₽ -185.00 ₽ Внутренний перевод на 6493
19:26 19:26 договор 5881863020
10.07.2026 10.07.2026 -40.01 ₽ -40.01 ₽ Внутренний перевод на 6493
18:53 18:53 договор 8338271601
10.07.2026 10.07.2026 -59.99 ₽ -59.99 ₽ Оплата в Monetka 6493
18:53 18:54
10.07.2026 10.07.2026 -1.04 ₽ -1.04 ₽ Внутренний перевод на 6493
17:28 17:28 договор 8338271601
10.07.2026 10.07.2026 -198.96 ₽ -198.96 ₽ Оплата в Магнит 6493
17:28 17:29
08.07.2026 08.07.2026 -14.00 ₽ -14.00 ₽ Внутренний перевод на 6493
18:21 18:21 договор 8338271601
08.07.2026 08.07.2026 -136.00 ₽ -136.00 ₽ Оплата в Аптека Апрель 6493
18:21 18:22 69217
08.07.2026 08.07.2026 -0.03 ₽ -0.03 ₽ Внутренний перевод на 6493
17:49 17:49 договор 8338271601
08.07.2026 08.07.2026 -299.97 ₽ -299.97 ₽ Оплата в Магнит 6493
17:49 17:50
АО «ТБанк» универсальная лицензия Банка России № 2673, к/с 30101810145250000974 в ГУ Банка России по ЦФО
БИК 044525974 ИНН 7710140679 КПП 771301001
8Дата и время Дата Сумма в валюте Сумма операции Описание Номер
операции списания операции в валюте карты операции карты
07.07.2026 07.07.2026 -23.02 ₽ -23.02 ₽ Внутренний перевод на 6493
18:21 18:21 договор 8338271601
07.07.2026 07.07.2026 -126.98 ₽ -126.98 ₽ Оплата в Магнит 6493
18:21 18:22
07.07.2026 07.07.2026 +400.00 ₽ +400.00 ₽ Пополнение. Система 6493
18:18 18:18 быстрых платежей
07.07.2026 07.07.2026 -16.64 ₽ -16.64 ₽ Внутренний перевод на 6493
18:16 18:16 договор 8338271601
07.07.2026 07.07.2026 -283.36 ₽ -283.36 ₽ Оплата в Магазин 15581 6493
18:16 18:17
06.07.2026 06.07.2026 -2.02 ₽ -2.02 ₽ Внутренний перевод на 6493
17:47 17:47 договор 8338271601
06.07.2026 06.07.2026 -97.98 ₽ -97.98 ₽ Оплата в Магнит 6493
17:47 17:47
06.07.2026 06.07.2026 -1 123.00 ₽ -1 123.00 ₽ Внешний перевод по 6493
09:51 09:51 номеру телефона
+79823602595
05.07.2026 05.07.2026 -30.02 ₽ -30.02 ₽ Внутренний перевод на 6493
18:33 18:33 договор 8338271601
05.07.2026 05.07.2026 -219.98 ₽ -219.98 ₽ Оплата в Магнит 6493
18:33 18:34
03.07.2026 03.07.2026 -9.01 ₽ -9.01 ₽ Внутренний перевод на 6493
19:29 19:29 договор 8338271601
03.07.2026 03.07.2026 -40.99 ₽ -40.99 ₽ Оплата в Магнит 6493
19:29 19:30
03.07.2026 03.07.2026 -6.01 ₽ -6.01 ₽ Внутренний перевод на 6493
19:09 19:09 договор 8338271601
03.07.2026 03.07.2026 -23.99 ₽ -23.99 ₽ Оплата в 35TD ТС 6493
19:09 19:11 Пятерочка
03.07.2026 03.07.2026 -35.02 ₽ -35.02 ₽ Внутренний перевод на 6493
13:00 13:00 договор 8338271601
03.07.2026 03.07.2026 -164.98 ₽ -164.98 ₽ Оплата в Магнит 6493
12:55 12:56
03.07.2026 03.07.2026 +100.00 ₽ +100.00 ₽ Пополнение. Система 6493
10:00 10:00 быстрых платежей
03.07.2026 03.07.2026 +2 000.00 ₽ +2 000.00 ₽ Пополнение. Система 6493
08:56 08:57 быстрых платежей
03.07.2026 03.07.2026 -2 000.00 ₽ -2 000.00 ₽ Внешний перевод по 6493
08:51 08:51 номеру телефона
+79193387893
03.07.2026 03.07.2026 +2 000.00 ₽ +2 000.00 ₽ Пополнение. Система 6493
08:48 08:49 быстрых платежей
02.07.2026 02.07.2026 -30.01 ₽ -30.01 ₽ Внутренний перевод на 6493
18:31 18:31 договор 8338271601
02.07.2026 02.07.2026 -119.99 ₽ -119.99 ₽ Оплата в 3CYY ТС 6493
18:31 18:32 Пятерочка
02.07.2026 02.07.2026 -90.00 ₽ -90.00 ₽ Внутренний перевод на 6493
18:27 18:28 договор 8338271601
02.07.2026 02.07.2026 -1 110.00 ₽ -1 110.00 ₽ Оплата в ОБЛАКО_E_QR 6493
18:27 18:28
02.07.2026 02.07.2026 -40.01 ₽ -40.01 ₽ Внутренний перевод на 6493
17:56 17:56 договор 8338271601
02.07.2026 02.07.2026 -59.99 ₽ -59.99 ₽ Оплата в Магнит 6493
17:56 17:57
АО «ТБанк» универсальная лицензия Банка России № 2673, к/с 30101810145250000974 в ГУ Банка России по ЦФО
БИК 044525974 ИНН 7710140679 КПП 771301001
9Дата и время Дата Сумма в валюте Сумма операции Описание Номер
операции списания операции в валюте карты операции карты
02.07.2026 02.07.2026 -6 000.00 ₽ -6 000.00 ₽ Внешний перевод по 6493
15:53 15:53 номеру телефона
+79193230332
01.07.2026 01.07.2026 -5.01 ₽ -5.01 ₽ Внутренний перевод на 6493
20:35 20:36 договор 8338271601
01.07.2026 01.07.2026 -94.99 ₽ -94.99 ₽ Оплата в Магнит 6493
20:22 20:23
01.07.2026 01.07.2026 -1.02 ₽ -1.02 ₽ Внутренний перевод на 6493
10:21 10:21 договор 8338271601
01.07.2026 01.07.2026 -98.98 ₽ -98.98 ₽ Оплата в 35TD ТС 6493
10:21 10:21 Пятерочка
30.06.2026 30.06.2026 -7.02 ₽ -7.02 ₽ Внутренний перевод на 6493
18:51 18:51 договор 8338271601
30.06.2026 30.06.2026 -242.98 ₽ -242.98 ₽ Оплата в Магнит 6493
18:51 18:53
30.06.2026 30.06.2026 +250.00 ₽ +250.00 ₽ Перевод с договора 6493
12:06 12:07 5765569313
30.06.2026 30.06.2026 -456.00 ₽ -456.00 ₽ Внешний перевод по 6493
10:02 10:02 номеру телефона
+79193226432
29.06.2026 29.06.2026 +233.00 ₽ +233.00 ₽ Пополнение. Система 6493
12:01 12:01 быстрых платежей
29.06.2026 29.06.2026 +3 582.00 ₽ +3 582.00 ₽ Перевод себе 6493
11:56 11:56
29.06.2026 29.06.2026 -1 300.00 ₽ -1 300.00 ₽ Внешний перевод по 6493
11:55 11:56 номеру телефона
+79935470750
29.06.2026 29.06.2026 -680.00 ₽ -680.00 ₽ Внешний перевод по 6493
11:54 11:54 номеру телефона
+79935470750
28.06.2026 28.06.2026 -28.13 ₽ -28.13 ₽ Внутренний перевод на 6493
18:12 18:13 договор 8338271601
28.06.2026 28.06.2026 -221.87 ₽ -221.87 ₽ Оплата в Магнит 6493
18:12 18:13
28.06.2026 28.06.2026 -1 500.00 ₽ -1 500.00 ₽ Внутренний перевод на 6493
11:43 11:43 договор 5039870954
28.06.2026 28.06.2026 -1 182.00 ₽ -1 182.00 ₽ Внешний перевод по 6493
11:40 11:40 номеру телефона
+79193226432
25.06.2026 25.06.2026 +250.00 ₽ +250.00 ₽ Пополнение. Система 6493
21:18 21:18 быстрых платежей
25.06.2026 25.06.2026 -44.01 ₽ -44.01 ₽ Внутренний перевод на 6493
10:13 10:14 договор 8338271601
25.06.2026 25.06.2026 -55.99 ₽ -55.99 ₽ Оплата в Магнит 6493
10:13 10:14
25.06.2026 25.06.2026 -170.00 ₽ -170.00 ₽ Внешний перевод по 6493
09:36 09:36 номеру телефона
+79822729360
24.06.2026 24.06.2026 -500.00 ₽ -500.00 ₽ Внешний перевод по 6493
11:50 11:51 номеру телефона
+79193212126
24.06.2026 24.06.2026 -30.01 ₽ -30.01 ₽ Внутренний перевод на 6493
10:15 10:15 договор 8338271601
24.06.2026 24.06.2026 -119.99 ₽ -119.99 ₽ Оплата в Магнит 6493
10:15 10:15
23.06.2026 23.06.2026 -437.22 ₽ -437.22 ₽ Внутренний перевод на 6493
13:14 13:14 договор 8338271601
АО «ТБанк» универсальная лицензия Банка России № 2673, к/с 30101810145250000974 в ГУ Банка России по ЦФО
БИК 044525974 ИНН 7710140679 КПП 771301001
10Дата и время Дата Сумма в валюте Сумма операции Описание Номер
операции списания операции в валюте карты операции карты
23.06.2026 23.06.2026 -2 062.78 ₽ -2 062.78 ₽ Оплата в Магнит 6493
13:14 13:14
23.06.2026 23.06.2026 -30.21 ₽ -30.21 ₽ Внутренний перевод на 6493
11:30 11:30 договор 8338271601
23.06.2026 23.06.2026 -69.79 ₽ -69.79 ₽ Оплата в Магазин 15594 6493
11:30 11:31
23.06.2026 23.06.2026 +5 000.00 ₽ +5 000.00 ₽ Пополнение. Система 6493
08:35 08:36 быстрых платежей
23.06.2026 23.06.2026 +1 000.00 ₽ +1 000.00 ₽ Перевод с договора 6493
02:02 03:26 8173748697
22.06.2026 22.06.2026 +400.00 ₽ +400.00 ₽ Пополнение. Система 6493
19:10 19:10 быстрых платежей
22.06.2026 22.06.2026 -13.02 ₽ -13.02 ₽ Внутренний перевод на 6493
13:35 13:35 договор 8338271601
22.06.2026 22.06.2026 -136.98 ₽ -136.98 ₽ Оплата в 35TD ТС 6493
13:35 13:35 Пятерочка
22.06.2026 22.06.2026 +105.00 ₽ +105.00 ₽ Перевод с договора 6493
13:33 13:34 5773135040
21.06.2026 21.06.2026 -100.00 ₽ -100.00 ₽ Оплата в YANDEX*4121*GO 0490
21:34 21:48 Moskva RUS
21.06.2026 21.06.2026 -12.14 ₽ -12.14 ₽ Внутренний перевод на 6493
19:14 19:14 договор 8338271601
21.06.2026 21.06.2026 -137.86 ₽ -137.86 ₽ Оплата в Магнит 6493
19:14 19:14
21.06.2026 21.06.2026 -33.00 ₽ -33.00 ₽ Оплата в RK*proxy6net2 0490
04:43 04:58 ELEKTROSTAL RUS
21.06.2026 21.06.2026 -7.00 ₽ -7.00 ₽ Внутренний перевод на 0490
04:43 04:43 договор 8338271601
20.06.2026 20.06.2026 -60.00 ₽ -60.00 ₽ Внутренний перевод на 6493
16:00 16:01 договор 5039870954
19.06.2026 19.06.2026 -165.00 ₽ -165.00 ₽ Внутренний перевод на 6493
21:12 21:12 договор 5522148165
19.06.2026 19.06.2026 +60.00 ₽ +60.00 ₽ Пополнение. Система 6493
20:05 20:05 быстрых платежей
19.06.2026 19.06.2026 -250.00 ₽ -250.00 ₽ Внешний перевод по 6493
19:58 19:59 номеру телефона
+79193387893
19.06.2026 19.06.2026 -100.00 ₽ -100.00 ₽ Внешний перевод по 6493
18:45 18:45 номеру телефона
+79193387893
19.06.2026 19.06.2026 +90.00 ₽ +90.00 ₽ Пополнение. Система 6493
18:32 18:32 быстрых платежей
19.06.2026 19.06.2026 -5.01 ₽ -5.01 ₽ Внутренний перевод на 6493
18:30 18:30 договор 8338271601
19.06.2026 19.06.2026 -24.99 ₽ -24.99 ₽ Оплата в Магазин 18660 6493
18:30 18:31
19.06.2026 19.06.2026 -62.84 ₽ -62.84 ₽ Внутренний перевод на 6493
18:28 18:29 договор 8338271601
19.06.2026 19.06.2026 -337.16 ₽ -337.16 ₽ Оплата в Магазин 18660 6493
18:28 18:29
18.06.2026 18.06.2026 +95.00 ₽ +95.00 ₽ Пополнение. Система 6493
14:53 14:53 быстрых платежей
18.06.2026 18.06.2026 -28.03 ₽ -28.03 ₽ Внутренний перевод на 6493
11:13 11:13 договор 8338271601
18.06.2026 18.06.2026 -221.97 ₽ -221.97 ₽ Оплата в 35TD ТС 6493
11:13 11:14 Пятерочка
АО «ТБанк» универсальная лицензия Банка России № 2673, к/с 30101810145250000974 в ГУ Банка России по ЦФО
БИК 044525974 ИНН 7710140679 КПП 771301001
11Дата и время Дата Сумма в валюте Сумма операции Описание Номер
операции списания операции в валюте карты операции карты
17.06.2026 17.06.2026 -4.02 ₽ -4.02 ₽ Внутренний перевод на 6493
20:08 20:09 договор 8338271601
17.06.2026 17.06.2026 -95.98 ₽ -95.98 ₽ Оплата в 31FX Пятерочка 6493
20:08 20:09
17.06.2026 17.06.2026 -100.00 ₽ -100.00 ₽ Внешний перевод по 6493
15:54 15:55 номеру телефона
+79193387893
17.06.2026 17.06.2026 -45.01 ₽ -45.01 ₽ Внутренний перевод на 6493
12:15 12:15 договор 8338271601
17.06.2026 17.06.2026 -54.99 ₽ -54.99 ₽ Оплата в Магнит 6493
12:15 12:16
17.06.2026 17.06.2026 -26.00 ₽ -26.00 ₽ Внутренний перевод на 6493
09:58 09:58 договор 8338271601
17.06.2026 17.06.2026 -74.00 ₽ -74.00 ₽ Оплата в Ч74104_P_QR 6493
09:58 09:59
16.06.2026 16.06.2026 -2 337.00 ₽ -2 337.00 ₽ Внешний перевод по 6493
17:43 17:43 номеру телефона
+79823602595
15.06.2026 15.06.2026 -20.01 ₽ -20.01 ₽ Внутренний перевод на 6493
15:47 15:48 договор 8338271601
15.06.2026 15.06.2026 -79.99 ₽ -79.99 ₽ Оплата в Магнит 6493
15:47 15:49
15.06.2026 15.06.2026 +41.00 ₽ +41.00 ₽ Пополнение. Система 6493
15:45 15:45 быстрых платежей
12.06.2026 12.06.2026 +350.00 ₽ +350.00 ₽ Перевод с договора 6493
19:24 19:24 5535990971
12.06.2026 12.06.2026 -30.01 ₽ -30.01 ₽ Внутренний перевод на 6493
17:55 17:55 договор 8338271601
12.06.2026 12.06.2026 -119.99 ₽ -119.99 ₽ Оплата в Магнит 6493
17:55 17:56
12.06.2026 12.06.2026 -40.84 ₽ -40.84 ₽ Внутренний перевод на 6493
17:46 17:46 договор 8338271601
12.06.2026 12.06.2026 -209.16 ₽ -209.16 ₽ Оплата в Ч74104_P_QR 6493
17:46 17:47
11.06.2026 11.06.2026 -7.51 ₽ -7.51 ₽ Внутренний перевод на 6493
19:18 19:18 договор 8338271601
11.06.2026 11.06.2026 -42.49 ₽ -42.49 ₽ Оплата в 31FX Пятерочка 6493
19:18 19:19
11.06.2026 11.06.2026 -2.01 ₽ -2.01 ₽ Внутренний перевод на 6493
09:55 09:56 договор 8338271601
11.06.2026 11.06.2026 -17.99 ₽ -17.99 ₽ Оплата в 35TD ТС 6493
09:55 09:56 Пятерочка
10.06.2026 10.06.2026 -47.62 ₽ -47.62 ₽ Внутренний перевод на 6493
15:45 15:46 договор 8338271601
10.06.2026 10.06.2026 -202.38 ₽ -202.38 ₽ Оплата в Магнит 6493
15:45 15:46
10.06.2026 10.06.2026 +600.00 ₽ +600.00 ₽ Пополнение. Сбербанк 6493
11:37 11:42 Онлайн
08.06.2026 08.06.2026 -200.00 ₽ -200.00 ₽ Внешний перевод по 6493
16:02 16:03 номеру телефона
+79193387893
08.06.2026 08.06.2026 -200.00 ₽ -200.00 ₽ Внешний перевод по 6493
16:02 16:03 номеру телефона
+79193387893
08.06.2026 08.06.2026 -10.00 ₽ -10.00 ₽ Оплата в FUNPAY Moskva 6493
13:18 13:20 RU
АО «ТБанк» универсальная лицензия Банка России № 2673, к/с 30101810145250000974 в ГУ Банка России по ЦФО
БИК 044525974 ИНН 7710140679 КПП 771301001
12Дата и время Дата Сумма в валюте Сумма операции Описание Номер
операции списания операции в валюте карты операции карты
08.06.2026 08.06.2026 -250.00 ₽ -250.00 ₽ Внешний перевод по 6493
12:55 12:56 номеру телефона
+79124038906
08.06.2026 08.06.2026 -27.04 ₽ -27.04 ₽ Внутренний перевод на 6493
12:45 12:45 договор 8338271601
08.06.2026 08.06.2026 -272.96 ₽ -272.96 ₽ Оплата в 35TD ТС 6493
12:45 12:46 Пятерочка
06.06.2026 06.06.2026 -25.02 ₽ -25.02 ₽ Внутренний перевод на 6493
16:44 16:44 договор 8338271601
06.06.2026 06.06.2026 -174.98 ₽ -174.98 ₽ Оплата в 31FX Пятерочка 6493
16:44 16:45
05.06.2026 05.06.2026 -45.02 ₽ -45.02 ₽ Внутренний перевод на 6493
13:24 13:25 договор 8338271601
05.06.2026 05.06.2026 -54.98 ₽ -54.98 ₽ Оплата в 35TD ТС 6493
13:24 13:25 Пятерочка
04.06.2026 04.06.2026 -11.03 ₽ -11.03 ₽ Внутренний перевод на 6493
12:16 12:17 договор 8338271601
04.06.2026 04.06.2026 -138.97 ₽ -138.97 ₽ Оплата в 35TD ТС 6493
12:16 12:17 Пятерочка
03.06.2026 03.06.2026 -24.32 ₽ -24.32 ₽ Внутренний перевод на 6493
16:07 16:08 договор 8338271601
03.06.2026 03.06.2026 -75.68 ₽ -75.68 ₽ Оплата в 31FX Пятерочка 6493
16:07 16:08
03.06.2026 03.06.2026 -1 000.00 ₽ -1 000.00 ₽ Внутренний перевод на 6493
16:04 16:04 договор 5881863020
03.06.2026 03.06.2026 -5 000.00 ₽ -5 000.00 ₽ Внутренний перевод на 6493
16:02 16:03 договор 5881863020
03.06.2026 03.06.2026 -5.00 ₽ -5.00 ₽ Внутренний перевод на 6493
15:49 15:49 договор 8338271601
03.06.2026 03.06.2026 -145.00 ₽ -145.00 ₽ Оплата в Магазин 6493
15:49 15:51 "Магистр"
03.06.2026 03.06.2026 +3 000.00 ₽ +3 000.00 ₽ Пополнение. Система 6493
11:36 11:37 быстрых платежей
03.06.2026 03.06.2026 -103.00 ₽ -103.00 ₽ Оплата в YANDEX*4121*GO 0490
09:01 10:10 Moskva RUS
03.06.2026 03.06.2026 -47.00 ₽ -47.00 ₽ Внутренний перевод на 0490
09:01 09:01 договор 8338271601
02.06.2026 02.06.2026 -80.00 ₽ -80.00 ₽ Внутренний перевод на 6493
13:29 13:29 договор 8338271601
02.06.2026 02.06.2026 -320.00 ₽ -320.00 ₽ Оплата в Магазин 6493
13:29 13:31 "Магистр"
02.06.2026 02.06.2026 -700.00 ₽ -700.00 ₽ Оплата в Оптика_P_QR 6493
13:20 13:21
02.06.2026 02.06.2026 -27.02 ₽ -27.02 ₽ Внутренний перевод на 6493
13:10 13:10 договор 8338271601
02.06.2026 02.06.2026 -122.98 ₽ -122.98 ₽ Оплата в 35TD ТС 6493
13:10 13:12 Пятерочка
01.06.2026 01.06.2026 -1.00 ₽ -1.00 ₽ Внутренний перевод на 6493
17:02 17:02 договор 8338271601
01.06.2026 01.06.2026 -49.00 ₽ -49.00 ₽ Оплата в Ч74104_P_QR 6493
17:02 17:03
01.06.2026 01.06.2026 -50.00 ₽ -50.00 ₽ Внутренний перевод на 6493
14:29 14:29 договор 5765569313
01.06.2026 01.06.2026 -40.00 ₽ -40.00 ₽ Внутренний перевод на 6493
09:37 09:38 договор 5773135040
АО «ТБанк» универсальная лицензия Банка России № 2673, к/с 30101810145250000974 в ГУ Банка России по ЦФО
БИК 044525974 ИНН 7710140679 КПП 771301001
13Дата и время Дата Сумма в валюте Сумма операции Описание Номер
операции списания операции в валюте карты операции карты
01.06.2026 01.06.2026 -135.00 ₽ -135.00 ₽ Внутренний перевод на 6493
09:36 09:36 договор 5773135040
31.05.2026 31.05.2026 -30.01 ₽ -30.01 ₽ Внутренний перевод на 6493
14:57 14:58 договор 8338271601
31.05.2026 31.05.2026 -119.99 ₽ -119.99 ₽ Оплата в Магнит 6493
14:57 14:59
30.05.2026 30.05.2026 +2 718.00 ₽ +2 718.00 ₽ Пополнение. Система 6493
18:57 18:57 быстрых платежей
30.05.2026 30.05.2026 -2 718.00 ₽ -2 718.00 ₽ Внешний перевод по 6493
18:51 18:51 номеру телефона
+79823602595
30.05.2026 30.05.2026 -27.03 ₽ -27.03 ₽ Внутренний перевод на 6493
15:04 15:04 договор 8338271601
30.05.2026 30.05.2026 -172.97 ₽ -172.97 ₽ Оплата в 31FX Пятерочка 6493
15:04 15:05
30.05.2026 30.05.2026 +47.50 ₽ +47.50 ₽ Пополнение. Сбербанк 6493
00:08 03:06 Онлайн
29.05.2026 29.05.2026 +11 200.00 ₽ +11 200.00 ₽ Пополнение. Система 6493
13:48 13:49 быстрых платежей
29.05.2026 29.05.2026 -555.00 ₽ -555.00 ₽ Внутренний перевод на 6493
13:03 13:04 договор 5773135040
28.05.2026 28.05.2026 -4.05 ₽ -4.05 ₽ Внутренний перевод на 6493
14:24 14:24 договор 8338271601
28.05.2026 28.05.2026 -245.95 ₽ -245.95 ₽ Оплата в 31FX Пятерочка 6493
14:24 14:25
28.05.2026 28.05.2026 -103.00 ₽ -103.00 ₽ Оплата в YANDEX*4121*GO 0490
07:35 08:48 Moskva RUS
28.05.2026 28.05.2026 -47.00 ₽ -47.00 ₽ Внутренний перевод на 0490
07:35 07:35 договор 8338271601
27.05.2026 28.05.2026 -500.00 ₽ -500.00 ₽ Внутренний перевод на 6493
22:21 03:44 договор 5765569313
27.05.2026 28.05.2026 -500.00 ₽ -500.00 ₽ Внутренний перевод на 6493
22:21 03:44 договор 5515128182
27.05.2026 27.05.2026 -40.01 ₽ -40.01 ₽ Внутренний перевод на 6493
16:56 16:56 договор 8338271601
27.05.2026 27.05.2026 -59.99 ₽ -59.99 ₽ Оплата в 35TD ТС 6493
16:56 16:57 Пятерочка
27.05.2026 27.05.2026 -534.00 ₽ -534.00 ₽ Внешний перевод по 6493
12:16 12:17 номеру телефона
+79823602595
26.05.2026 26.05.2026 -130.00 ₽ -130.00 ₽ Внешний перевод по 6493
19:47 19:48 номеру телефона
+79823593284
26.05.2026 26.05.2026 -600.00 ₽ -600.00 ₽ Внешний перевод по 6493
19:41 19:41 номеру телефона
+79823593284
26.05.2026 26.05.2026 -0.01 ₽ -0.01 ₽ Внутренний перевод на 6493
17:56 17:56 договор 8338271601
26.05.2026 26.05.2026 -49.99 ₽ -49.99 ₽ Оплата в 31FX Пятерочка 6493
17:56 17:56
26.05.2026 26.05.2026 -7.03 ₽ -7.03 ₽ Внутренний перевод на 6493
12:09 12:09 договор 8338271601
26.05.2026 26.05.2026 -192.97 ₽ -192.97 ₽ Оплата в 35TD ТС 6493
12:09 12:11 Пятерочка
25.05.2026 25.05.2026 -40.01 ₽ -40.01 ₽ Внутренний перевод на 6493
13:50 13:51 договор 8338271601
АО «ТБанк» универсальная лицензия Банка России № 2673, к/с 30101810145250000974 в ГУ Банка России по ЦФО
БИК 044525974 ИНН 7710140679 КПП 771301001
14Дата и время Дата Сумма в валюте Сумма операции Описание Номер
операции списания операции в валюте карты операции карты
25.05.2026 25.05.2026 -59.99 ₽ -59.99 ₽ Оплата в 35TD ТС 6493
13:50 13:52 Пятерочка
24.05.2026 24.05.2026 -5 950.00 ₽ -5 950.00 ₽ Внешний перевод по 6493
16:58 16:58 номеру телефона
+79823602595
24.05.2026 24.05.2026 -240.00 ₽ -240.00 ₽ Внешний перевод по 6493
13:24 13:24 номеру телефона
+79821089650
23.05.2026 23.05.2026 -57.90 ₽ -57.90 ₽ Внутренний перевод на 6493
14:49 14:49 договор 8338271601
23.05.2026 23.05.2026 -3 442.10 ₽ -3 442.10 ₽ Оплата в L 6493
14:49 14:50 ETOILE(Златоус2)
22.05.2026 22.05.2026 +300.00 ₽ +300.00 ₽ Пополнение. Система 6493
17:06 17:06 быстрых платежей
22.05.2026 22.05.2026 -500.00 ₽ -500.00 ₽ Внешний перевод по 6493
11:39 11:39 номеру телефона
+79193212126
22.05.2026 22.05.2026 -15.02 ₽ -15.02 ₽ Внутренний перевод на 6493
09:54 09:55 договор 8338271601
22.05.2026 22.05.2026 -84.98 ₽ -84.98 ₽ Оплата в 35TD ТС 6493
09:54 09:55 Пятерочка
21.05.2026 21.05.2026 -7.00 ₽ -7.00 ₽ Внутренний перевод на 0490
21:51 21:51 договор 8338271601
21.05.2026 22.05.2026 -33.00 ₽ -33.00 ₽ Оплата в RK*proxy6net2 0490
21:51 03:23 ELEKTROSTAL RUS
21.05.2026 21.05.2026 -85.00 ₽ -85.00 ₽ Внешний перевод по 6493
18:47 18:48 номеру телефона
+79193387893
21.05.2026 21.05.2026 +200.00 ₽ +200.00 ₽ Пополнение. Система 6493
16:03 16:04 быстрых платежей
21.05.2026 21.05.2026 -80.00 ₽ -80.00 ₽ Внутренний перевод на 6493
16:01 16:01 договор 5765569313
21.05.2026 21.05.2026 -160.00 ₽ -160.00 ₽ Внутренний перевод на 6493
16:00 16:00 договор 5765569313
20.05.2026 20.05.2026 -9.02 ₽ -9.02 ₽ Внутренний перевод на 6493
10:05 10:05 договор 8338271601
20.05.2026 20.05.2026 -90.98 ₽ -90.98 ₽ Оплата в 35TD ТС 6493
10:05 10:06 Пятерочка
19.05.2026 19.05.2026 +15 000.00 ₽ +15 000.00 ₽ Внутрибанковский перевод 6493
17:01 17:01 с договора 8000882521
19.05.2026 19.05.2026 -5 000.00 ₽ -5 000.00 ₽ Внутренний перевод на 6493
16:05 16:06 договор 5765569313
19.05.2026 19.05.2026 -80.00 ₽ -80.00 ₽ Внешний перевод по 6493
16:04 16:04 номеру телефона
+79193387893
19.05.2026 19.05.2026 -90.00 ₽ -90.00 ₽ Внешний перевод по 6493
13:54 13:54 номеру телефона
+79193387893
19.05.2026 19.05.2026 -20.01 ₽ -20.01 ₽ Внутренний перевод на 6493
10:45 10:45 договор 8338271601
19.05.2026 19.05.2026 -79.99 ₽ -79.99 ₽ Оплата в Monetka 6493
10:45 10:46
18.05.2026 18.05.2026 -90.00 ₽ -90.00 ₽ Внутренний перевод на 6493
18:36 18:36 договор 5765569313
18.05.2026 18.05.2026 -75.00 ₽ -75.00 ₽ Внутренний перевод на 6493
18:32 18:33 договор 5765569313
АО «ТБанк» универсальная лицензия Банка России № 2673, к/с 30101810145250000974 в ГУ Банка России по ЦФО
БИК 044525974 ИНН 7710140679 КПП 771301001
15Дата и время Дата Сумма в валюте Сумма операции Описание Номер
операции списания операции в валюте карты операции карты
18.05.2026 18.05.2026 -10.03 ₽ -10.03 ₽ Внутренний перевод на 6493
18:29 18:30 договор 8338271601
18.05.2026 18.05.2026 -189.97 ₽ -189.97 ₽ Оплата в Магазин 15594 6493
18:29 18:30
18.05.2026 18.05.2026 -47.02 ₽ -47.02 ₽ Внутренний перевод на 6493
11:01 11:02 договор 8338271601
18.05.2026 18.05.2026 -102.98 ₽ -102.98 ₽ Оплата в 35TD ТС 6493
11:01 11:02 Пятерочка
16.05.2026 16.05.2026 -13.24 ₽ -13.24 ₽ Внутренний перевод на 6493
10:59 11:00 договор 8338271601
16.05.2026 16.05.2026 -386.76 ₽ -386.76 ₽ Оплата в Магнит 6493
10:59 11:01
15.05.2026 15.05.2026 +5 000.00 ₽ +5 000.00 ₽ Пополнение. Система 6493
19:13 19:13 быстрых платежей
15.05.2026 15.05.2026 -47.02 ₽ -47.02 ₽ Внутренний перевод на 6493
13:30 13:31 договор 8338271601
15.05.2026 15.05.2026 -102.98 ₽ -102.98 ₽ Оплата в 35TD ТС 6493
13:30 13:32 Пятерочка
15.05.2026 15.05.2026 -17.02 ₽ -17.02 ₽ Внутренний перевод на 6493
10:53 10:54 договор 8338271601
15.05.2026 15.05.2026 -82.98 ₽ -82.98 ₽ Оплата в 35TD ТС 6493
10:53 10:54 Пятерочка
14.05.2026 14.05.2026 +1 680.00 ₽ +1 680.00 ₽ Пополнение. Система 6493
18:37 18:46 быстрых платежей
14.05.2026 14.05.2026 +5 000.00 ₽ +5 000.00 ₽ Пополнение. Система 6493
12:54 12:55 быстрых платежей
13.05.2026 13.05.2026 -8.04 ₽ -8.04 ₽ Внутренний перевод на 6493
18:19 18:20 договор 8338271601
13.05.2026 13.05.2026 -241.96 ₽ -241.96 ₽ Оплата в Магазин 15594 6493
18:19 18:21
11.05.2026 11.05.2026 -830.00 ₽ -830.00 ₽ Внешний перевод по 6493
17:41 17:41 номеру телефона
+79823602595
09.05.2026 09.05.2026 -10.00 ₽ -10.00 ₽ Оплата в FUNPAY Moskva 6493
14:14 14:15 RU
07.05.2026 07.05.2026 -200.00 ₽ -200.00 ₽ Внешний перевод по 6493
18:27 18:27 номеру телефона
+79193387893
07.05.2026 07.05.2026 -79.99 ₽ -79.99 ₽ Внутренний перевод на 6493
18:25 18:26 договор 5881863020
07.05.2026 07.05.2026 -12.00 ₽ -12.00 ₽ Внутренний перевод на 6493
10:44 10:44 договор 8338271601
07.05.2026 07.05.2026 -88.00 ₽ -88.00 ₽ Оплата в Ч74104_P_QR 6493
10:44 10:44
04.05.2026 04.05.2026 +640.00 ₽ +640.00 ₽ Пополнение. Система 6493
14:49 14:49 быстрых платежей
04.05.2026 04.05.2026 -320.00 ₽ -320.00 ₽ Оплата услуг iBank.MTS 6493
08:50 08:50
03.05.2026 03.05.2026 -865.00 ₽ -865.00 ₽ Внутренний перевод на 6493
17:41 17:42 договор 5765569313
30.04.2026 30.04.2026 -5 000.00 ₽ -5 000.00 ₽ Снятие наличных. Т-Банк, 0490
14:50 14:53 8189 Трехгорный Россия
30.04.2026 30.04.2026 -75.60 ₽ -75.60 ₽ Оплата в MAGNIT MM 0490
13:38 13:53 BENDIGO Trekhgornyj RUS
30.04.2026 30.04.2026 -24.40 ₽ -24.40 ₽ Внутренний перевод на 0490
13:38 13:38 договор 8338271601
АО «ТБанк» универсальная лицензия Банка России № 2673, к/с 30101810145250000974 в ГУ Банка России по ЦФО
БИК 044525974 ИНН 7710140679 КПП 771301001
16Дата и время Дата Сумма в валюте Сумма операции Описание Номер
операции списания операции в валюте карты операции карты
30.04.2026 30.04.2026 -79.99 ₽ -79.99 ₽ Оплата в MONETKA 0490
09:30 09:45 Trekhgornyj RUS
30.04.2026 30.04.2026 -20.01 ₽ -20.01 ₽ Внутренний перевод на 0490
09:30 09:30 договор 8338271601
29.04.2026 30.04.2026 -10.00 ₽ -10.00 ₽ Оплата в RK*proxy6net2 0490
22:06 03:18 ELEKTROSTAL RUS
29.04.2026 29.04.2026 -500.00 ₽ -500.00 ₽ Внешний перевод по 6493
15:54 15:54 номеру телефона
+79193212126
29.04.2026 29.04.2026 -70.20 ₽ -70.20 ₽ Оплата в MAGNIT MM 0490
11:30 11:45 BENDIGO Trekhgornyj RUS
29.04.2026 29.04.2026 -29.80 ₽ -29.80 ₽ Внутренний перевод на 0490
11:30 11:30 договор 8338271601
29.04.2026 29.04.2026 +7 000.00 ₽ +7 000.00 ₽ Пополнение. Система 6493
11:24 11:25 быстрых платежей
28.04.2026 28.04.2026 -184.98 ₽ -184.98 ₽ Оплата в MONETKA 0490
10:50 11:05 Trekhgornyj RUS
28.04.2026 28.04.2026 -15.02 ₽ -15.02 ₽ Внутренний перевод на 0490
10:50 10:51 договор 8338271601
27.04.2026 27.04.2026 -27.01 ₽ -27.01 ₽ Внутренний перевод на 0490
18:06 18:07 договор 8338271601
27.04.2026 27.04.2026 -72.99 ₽ -72.99 ₽ Оплата в PYATEROCHKA 0490
18:06 18:22 23614 Trekhgornyj RUS
27.04.2026 27.04.2026 -63.18 ₽ -63.18 ₽ Оплата в MAGNIT MM 0490
14:32 14:47 BENDIGO Trekhgornyj RUS
27.04.2026 27.04.2026 -36.82 ₽ -36.82 ₽ Внутренний перевод на 0490
14:32 14:32 договор 8338271601
25.04.2026 25.04.2026 -89.99 ₽ -89.99 ₽ Оплата в MAGNIT MM 0490
17:34 17:49 FLUKSUS Trekhgornyj RUS
25.04.2026 25.04.2026 -10.01 ₽ -10.01 ₽ Внутренний перевод на 0490
17:34 17:34 договор 8338271601
25.04.2026 25.04.2026 -700.00 ₽ -700.00 ₽ Внутренний перевод на 6493
13:47 13:48 договор 5765569313
24.04.2026 24.04.2026 -2 650.00 ₽ -2 650.00 ₽ Внешний перевод по 6493
16:56 16:57 номеру телефона
+79823602595
24.04.2026 24.04.2026 -129.99 ₽ -129.99 ₽ Оплата в MONETKA 0490
11:12 11:27 Trekhgornyj RUS
24.04.2026 24.04.2026 -20.01 ₽ -20.01 ₽ Внутренний перевод на 0490
11:12 11:12 договор 8338271601
23.04.2026 23.04.2026 -70.74 ₽ -70.74 ₽ Оплата в MAGNIT MM 0490
13:19 13:34 BENDIGO Trekhgornyj RUS
23.04.2026 23.04.2026 -29.26 ₽ -29.26 ₽ Внутренний перевод на 0490
13:19 13:20 договор 8338271601
23.04.2026 23.04.2026 -20.02 ₽ -20.02 ₽ Внутренний перевод на 6493
13:09 13:09 договор 8338271601
23.04.2026 23.04.2026 -79.98 ₽ -79.98 ₽ Оплата в Пятерочка 6493
13:09 13:11 23614_P_QR
23.04.2026 23.04.2026 -2.00 ₽ -2.00 ₽ Внутренний перевод на 0490
10:44 10:44 договор 8338271601
23.04.2026 23.04.2026 -98.00 ₽ -98.00 ₽ Оплата в CH74104 0490
10:44 10:59 Trekhgornyj RUS
23.04.2026 23.04.2026 +2 000.00 ₽ +2 000.00 ₽ Пополнение. Система 6493
10:29 10:29 быстрых платежей
22.04.2026 22.04.2026 -258.97 ₽ -258.97 ₽ Оплата в PYATEROCHKA 0490
18:16 18:31 23614 Trekhgornyj RUS
АО «ТБанк» универсальная лицензия Банка России № 2673, к/с 30101810145250000974 в ГУ Банка России по ЦФО
БИК 044525974 ИНН 7710140679 КПП 771301001
17Дата и время Дата Сумма в валюте Сумма операции Описание Номер
операции списания операции в валюте карты операции карты
22.04.2026 22.04.2026 -41.03 ₽ -41.03 ₽ Внутренний перевод на 0490
18:16 18:17 договор 8338271601
22.04.2026 22.04.2026 -49.99 ₽ -49.99 ₽ Оплата в MONETKA 0490
16:57 17:13 Trekhgornyj RUS
22.04.2026 22.04.2026 -0.01 ₽ -0.01 ₽ Внутренний перевод на 0490
16:57 16:58 договор 8338271601
20.04.2026 20.04.2026 -7.00 ₽ -7.00 ₽ Внутренний перевод на 0490
20:35 20:35 договор 8338271601
20.04.2026 20.04.2026 -33.00 ₽ -33.00 ₽ Оплата в RK*PRX6 MOSKVA 0490
20:35 20:40 RUS
20.04.2026 20.04.2026 -86.99 ₽ -86.99 ₽ Оплата в PYATEROCHKA 0490
18:03 18:19 23614 Trekhgornyj RUS
20.04.2026 20.04.2026 -13.01 ₽ -13.01 ₽ Внутренний перевод на 0490
18:03 18:04 договор 8338271601
20.04.2026 20.04.2026 -6 200.00 ₽ -6 200.00 ₽ Оплата в VASH 0490
15:49 16:04 STOMATOLOG Yuryuzan
RUS
20.04.2026 20.04.2026 -300.00 ₽ -300.00 ₽ Внутренний перевод на 0490
15:49 15:49 договор 8338271601
19.04.2026 19.04.2026 +2 000.00 ₽ +2 000.00 ₽ Внутрибанковский перевод 6493
12:09 12:09 с договора 8173748697
18.04.2026 18.04.2026 -31.02 ₽ -31.02 ₽ Внутренний перевод на 6493
17:05 17:06 договор 8338271601
18.04.2026 18.04.2026 -218.98 ₽ -218.98 ₽ Оплата в Магнит 6493
17:05 17:06
17.04.2026 17.04.2026 -129.99 ₽ -129.99 ₽ Оплата в MAGNIT MM 0490
16:48 17:03 ISPOLNITELST Trekhgornyj
RUS
17.04.2026 17.04.2026 -20.01 ₽ -20.01 ₽ Внутренний перевод на 0490
16:48 16:48 договор 8338271601
17.04.2026 17.04.2026 -294.97 ₽ -294.97 ₽ Оплата в MONETKA 0490
12:48 13:03 Trekhgornyj RUS
17.04.2026 17.04.2026 -5.03 ₽ -5.03 ₽ Внутренний перевод на 0490
12:48 12:48 договор 8338271601
15.04.2026 15.04.2026 -72.99 ₽ -72.99 ₽ Оплата в PYATEROCHKA 0490
18:00 18:15 23614 Trekhgornyj RUS
15.04.2026 15.04.2026 -27.01 ₽ -27.01 ₽ Внутренний перевод на 0490
18:00 18:00 договор 8338271601
15.04.2026 15.04.2026 -42.99 ₽ -42.99 ₽ Оплата в PYATEROCHKA 0490
16:52 17:07 23614 Trekhgornyj RUS
15.04.2026 15.04.2026 -7.01 ₽ -7.01 ₽ Внутренний перевод на 0490
16:52 16:52 договор 8338271601
15.04.2026 15.04.2026 -0.01 ₽ -0.01 ₽ Внутренний перевод на 0490
11:52 11:53 договор 8338271601
15.04.2026 15.04.2026 -99.99 ₽ -99.99 ₽ Оплата в MAGNIT MM 0490
11:52 12:07 BENDIGO Trekhgornyj RUS
14.04.2026 14.04.2026 -219.99 ₽ -219.99 ₽ Оплата в MAGNIT MM 0490
18:19 18:34 PIGGOTT Trekhgornyj RUS
14.04.2026 14.04.2026 -30.01 ₽ -30.01 ₽ Внутренний перевод на 0490
18:19 18:20 договор 8338271601
14.04.2026 14.04.2026 +5 500.00 ₽ +5 500.00 ₽ Пополнение. Система 6493
15:58 15:59 быстрых платежей
14.04.2026 14.04.2026 -89.99 ₽ -89.99 ₽ Оплата в PYATEROCHKA 0490
15:38 15:53 23614 Trekhgornyj RUS
14.04.2026 14.04.2026 -10.01 ₽ -10.01 ₽ Внутренний перевод на 0490
15:38 15:38 договор 8338271601
АО «ТБанк» универсальная лицензия Банка России № 2673, к/с 30101810145250000974 в ГУ Банка России по ЦФО
БИК 044525974 ИНН 7710140679 КПП 771301001
18Дата и время Дата Сумма в валюте Сумма операции Описание Номер
операции списания операции в валюте карты операции карты
14.04.2026 14.04.2026 -499.99 ₽ -499.99 ₽ Оплата в MONETKA 0490
11:59 12:14 Trekhgornyj RUS
14.04.2026 14.04.2026 -0.01 ₽ -0.01 ₽ Внутренний перевод на 0490
11:59 11:59 договор 8338271601
14.04.2026 14.04.2026 -129.98 ₽ -129.98 ₽ Оплата в MONETKA 0490
09:57 10:13 Trekhgornyj RUS
14.04.2026 14.04.2026 -20.02 ₽ -20.02 ₽ Внутренний перевод на 0490
09:57 09:57 договор 8338271601
13.04.2026 13.04.2026 +5 000.00 ₽ +5 000.00 ₽ Внутрибанковский перевод 6493
12:24 12:24 с договора 8173748697
13.04.2026 13.04.2026 -299.97 ₽ -299.97 ₽ Оплата в MONETKA 0490
08:55 09:10 Trekhgornyj RUS
13.04.2026 13.04.2026 -0.03 ₽ -0.03 ₽ Внутренний перевод на 0490
08:55 08:55 договор 8338271601
12.04.2026 12.04.2026 -99.99 ₽ -99.99 ₽ Оплата в MONETKA 0490
18:55 19:10 Trekhgornyj RUS
12.04.2026 12.04.2026 -0.01 ₽ -0.01 ₽ Внутренний перевод на 0490
18:55 18:56 договор 8338271601
12.04.2026 12.04.2026 -600.00 ₽ -600.00 ₽ Внешний перевод по 6493
15:23 15:24 номеру телефона
+79193387893
12.04.2026 12.04.2026 -8.39 ₽ -8.39 ₽ Внутренний перевод на 6493
10:11 10:12 договор 8338271601
12.04.2026 12.04.2026 -11.61 ₽ -11.61 ₽ Оплата в FUNPAY Moskva 6493
10:11 10:13 RU
10.04.2026 10.04.2026 -164.99 ₽ -164.99 ₽ Оплата в MAGNIT MM 0490
19:36 19:51 RICHARD Trekhgornyj RUS
10.04.2026 10.04.2026 -35.01 ₽ -35.01 ₽ Внутренний перевод на 0490
19:36 19:36 договор 8338271601
10.04.2026 10.04.2026 +5 000.00 ₽ +5 000.00 ₽ Внутрибанковский перевод 6493
18:14 18:14 с договора 8000882521
10.04.2026 10.04.2026 -977.86 ₽ -977.86 ₽ Оплата в MAGNIT MM 0490
14:53 15:09 RICHARD Trekhgornyj RUS
10.04.2026 10.04.2026 -22.14 ₽ -22.14 ₽ Внутренний перевод на 0490
14:53 14:53 договор 8338271601
10.04.2026 10.04.2026 -210.00 ₽ -210.00 ₽ Оплата в KAFE ATMOSFERA 0490
06:22 06:37 Trekhgornyj RUS
10.04.2026 10.04.2026 -40.00 ₽ -40.00 ₽ Внутренний перевод на 0490
06:22 06:22 договор 8338271601
10.04.2026 10.04.2026 -100.00 ₽ -100.00 ₽ Оплата в YANDEX*4121*GO 0490
06:00 06:09 Moskva RUS
09.04.2026 09.04.2026 +130.00 ₽ +130.00 ₽ Пополнение. Система 6493
16:59 16:59 быстрых платежей
09.04.2026 09.04.2026 -79.98 ₽ -79.98 ₽ Оплата в MAGNIT MM 0490
16:14 16:30 RICHARD Trekhgornyj RUS
09.04.2026 09.04.2026 -20.02 ₽ -20.02 ₽ Внутренний перевод на 0490
16:14 16:14 договор 8338271601
09.04.2026 09.04.2026 -182.87 ₽ -182.87 ₽ Оплата в PYATEROCHKA 0490
11:49 12:05 23614 Trekhgornyj RUS
09.04.2026 09.04.2026 -17.13 ₽ -17.13 ₽ Внутренний перевод на 0490
11:49 11:50 договор 8338271601
08.04.2026 08.04.2026 -6 000.00 ₽ -6 000.00 ₽ Снятие наличных. Т-Банк, 0490
18:33 18:35 8189 Трехгорный Россия
08.04.2026 08.04.2026 +7 000.00 ₽ +7 000.00 ₽ Пополнение. Система 6493
17:58 17:58 быстрых платежей
АО «ТБанк» универсальная лицензия Банка России № 2673, к/с 30101810145250000974 в ГУ Банка России по ЦФО
БИК 044525974 ИНН 7710140679 КПП 771301001
19Дата и время Дата Сумма в валюте Сумма операции Описание Номер
операции списания операции в валюте карты операции карты
08.04.2026 08.04.2026 -116.98 ₽ -116.98 ₽ Оплата в MAGNIT MM 0490
13:07 13:22 PIGGOTT Trekhgornyj RUS
08.04.2026 08.04.2026 -33.02 ₽ -33.02 ₽ Внутренний перевод на 0490
13:07 13:08 договор 8338271601
07.04.2026 07.04.2026 -207.95 ₽ -207.95 ₽ Оплата в MAGNIT MM 0490
16:57 17:12 RICHARD Trekhgornyj RUS
07.04.2026 07.04.2026 -42.05 ₽ -42.05 ₽ Внутренний перевод на 0490
16:57 16:57 договор 8338271601
07.04.2026 07.04.2026 -5.02 ₽ -5.02 ₽ Внутренний перевод на 0490
12:16 12:16 договор 8338271601
07.04.2026 07.04.2026 -94.98 ₽ -94.98 ₽ Оплата в MAGNIT MM 0490
12:16 12:32 RICHARD Trekhgornyj RUS
07.04.2026 07.04.2026 -99.99 ₽ -99.99 ₽ Оплата в MONETKA 0490
09:04 09:19 Trekhgornyj RUS
07.04.2026 07.04.2026 -0.01 ₽ -0.01 ₽ Внутренний перевод на 0490
09:04 09:04 договор 8338271601
06.04.2026 06.04.2026 -69.99 ₽ -69.99 ₽ Оплата в MAGNIT MM 0490
11:49 12:04 BENDIGO Trekhgornyj RUS
06.04.2026 06.04.2026 -30.01 ₽ -30.01 ₽ Внутренний перевод на 0490
11:49 11:50 договор 8338271601
06.04.2026 06.04.2026 -99.98 ₽ -99.98 ₽ Оплата в MONETKA 0490
10:49 11:04 Trekhgornyj RUS
06.04.2026 06.04.2026 -0.02 ₽ -0.02 ₽ Внутренний перевод на 0490
10:49 10:50 договор 8338271601
05.04.2026 05.04.2026 -189.97 ₽ -189.97 ₽ Оплата в MAGNIT MM 0490
16:43 16:58 RICHARD Trekhgornyj RUS
05.04.2026 05.04.2026 -10.03 ₽ -10.03 ₽ Внутренний перевод на 0490
16:43 16:44 договор 8338271601
05.04.2026 05.04.2026 -100.00 ₽ -100.00 ₽ Оплата в YANDEX*4121*GO 0490
12:55 13:32 Moskva RUS
03.04.2026 03.04.2026 -6 645.00 ₽ -6 645.00 ₽ Внешний перевод по 6493
18:10 18:10 номеру телефона
+79823602595
03.04.2026 03.04.2026 +2 000.00 ₽ +2 000.00 ₽ Внутрибанковский перевод 6493
15:48 15:49 с договора 5881863020
03.04.2026 03.04.2026 -0.02 ₽ -0.02 ₽ Внутренний перевод на 0490
15:09 15:09 договор 8338271601
03.04.2026 03.04.2026 -249.98 ₽ -249.98 ₽ Оплата в MAGNIT MM 0490
15:09 15:24 BENDIGO Trekhgornyj RUS
03.04.2026 03.04.2026 -333.73 ₽ -333.73 ₽ Оплата в MAGNIT MM 0490
14:44 14:59 RICHARD Trekhgornyj RUS
03.04.2026 03.04.2026 -66.27 ₽ -66.27 ₽ Внутренний перевод на 0490
14:44 14:44 договор 8338271601
03.04.2026 03.04.2026 +3 000.00 ₽ +3 000.00 ₽ Пополнение. Система 6493
14:39 14:39 быстрых платежей
02.04.2026 02.04.2026 +5 000.00 ₽ +5 000.00 ₽ Пополнение. Сбербанк 6493
06:18 06:19 Онлайн
31.03.2026 01.04.2026 -2 021.00 ₽ -2 021.00 ₽ Внешний перевод по 6493
22:09 03:08 номеру телефона
+79823602595
31.03.2026 31.03.2026 -442.00 ₽ -442.00 ₽ Внешний перевод по 6493
19:01 19:02 номеру телефона
+79193521120
31.03.2026 31.03.2026 -2 000.00 ₽ -2 000.00 ₽ Внешний перевод по 6493
17:30 17:30 номеру телефона
+79191224171
АО «ТБанк» универсальная лицензия Банка России № 2673, к/с 30101810145250000974 в ГУ Банка России по ЦФО
БИК 044525974 ИНН 7710140679 КПП 771301001
20Дата и время Дата Сумма в валюте Сумма операции Описание Номер
операции списания операции в валюте карты операции карты
31.03.2026 31.03.2026 -1.00 ₽ -1.00 ₽ Внутренний перевод на 6493
14:26 14:26 договор 8338271601
31.03.2026 31.03.2026 -99.00 ₽ -99.00 ₽ Оплата в ООО "ПРЕМЬЕР" 6493
14:26 14:27
31.03.2026 31.03.2026 -598.95 ₽ -598.95 ₽ Оплата в MAGNIT MM 0490
14:07 14:22 PIGGOTT Trekhgornyj RUS
31.03.2026 31.03.2026 -1.05 ₽ -1.05 ₽ Внутренний перевод на 0490
14:07 14:08 договор 8338271601
31.03.2026 31.03.2026 -30.02 ₽ -30.02 ₽ Внутренний перевод на 0490
13:41 13:41 договор 8338271601
31.03.2026 31.03.2026 -169.98 ₽ -169.98 ₽ Оплата в MAGNIT MM 0490
13:41 13:57 RICHARD Trekhgornyj RUS
30.03.2026 30.03.2026 -3 500.00 ₽ -3 500.00 ₽ Внешний перевод по 6493
14:01 14:01 номеру телефона
+79191208851
29.03.2026 29.03.2026 -100.00 ₽ -100.00 ₽ Внешний перевод по 6493
21:38 21:38 номеру телефона
+79823602595
29.03.2026 29.03.2026 +69.69 ₽ +69.69 ₽ Пополнение. Система 6493
21:31 21:32 быстрых платежей
29.03.2026 29.03.2026 -134.99 ₽ -134.99 ₽ Внешний перевод по 6493
21:15 21:15 номеру телефона
+79193387893
27.03.2026 27.03.2026 -2 000.00 ₽ -2 000.00 ₽ Внешний перевод по 6493
14:56 14:57 номеру телефона
+79191208851
27.03.2026 27.03.2026 +1 200.00 ₽ +1 200.00 ₽ Пополнение. Система 6493
11:43 11:43 быстрых платежей
27.03.2026 27.03.2026 -20.01 ₽ -20.01 ₽ Внутренний перевод на 0490
09:45 09:45 договор 8338271601
27.03.2026 27.03.2026 -79.99 ₽ -79.99 ₽ Оплата в MONETKA 0490
09:45 10:01 Trekhgornyj RUS
25.03.2026 25.03.2026 +700.00 ₽ +700.00 ₽ Пополнение. Система 6493
16:55 16:55 быстрых платежей
25.03.2026 25.03.2026 -199.98 ₽ -199.98 ₽ Оплата в MONETKA 0490
14:01 14:16 Trekhgornyj RUS
25.03.2026 25.03.2026 -0.02 ₽ -0.02 ₽ Внутренний перевод на 0490
14:01 14:01 договор 8338271601
25.03.2026 25.03.2026 +200.00 ₽ +200.00 ₽ Пополнение. Система 6493
12:35 12:36 быстрых платежей
24.03.2026 24.03.2026 -14 000.00 ₽ -14 000.00 ₽ Внешний перевод по 6493
09:21 09:22 номеру телефона
+79823602595
23.03.2026 24.03.2026 +14 000.00 ₽ +14 000.00 ₽ Внутрибанковский перевод 6493
23:00 03:09 с договора 8173748697
23.03.2026 23.03.2026 -15.02 ₽ -15.02 ₽ Внутренний перевод на 0490
14:50 14:50 договор 8338271601
23.03.2026 23.03.2026 -134.98 ₽ -134.98 ₽ Оплата в MAGNIT MM 0490
14:50 15:05 BENDIGO Trekhgornyj RUS
21.03.2026 22.03.2026 -7.00 ₽ -7.00 ₽ Внутренний перевод на 0490
23:51 03:07 договор 8338271601
21.03.2026 22.03.2026 -33.00 ₽ -33.00 ₽ Оплата в RK*PROXY6NET2 0490
23:51 03:19 SAMARA RUS
21.03.2026 21.03.2026 -84.99 ₽ -84.99 ₽ Оплата в MAGNIT MM 0490
10:03 10:18 RICHARD Trekhgornyj RUS
АО «ТБанк» универсальная лицензия Банка России № 2673, к/с 30101810145250000974 в ГУ Банка России по ЦФО
БИК 044525974 ИНН 7710140679 КПП 771301001
21Дата и время Дата Сумма в валюте Сумма операции Описание Номер
операции списания операции в валюте карты операции карты
21.03.2026 21.03.2026 -15.01 ₽ -15.01 ₽ Внутренний перевод на 0490
10:03 10:04 договор 8338271601
21.03.2026 21.03.2026 -42.42 ₽ -42.42 ₽ Внутренний перевод на 0490
09:47 09:48 договор 8338271601
21.03.2026 21.03.2026 -57.58 ₽ -57.58 ₽ Оплата в MAGNIT MM 0490
09:47 10:03 BENDIGO Trekhgornyj RUS
21.03.2026 21.03.2026 +3 500.00 ₽ +3 500.00 ₽ Внутрибанковский перевод 6493
08:40 08:41 с договора 8000882521
21.03.2026 21.03.2026 +1 100.00 ₽ +1 100.00 ₽ Внутрибанковский перевод 6493
00:36 03:09 с договора 8173748697
19.03.2026 19.03.2026 +1 500.00 ₽ +1 500.00 ₽ Пополнение. Система 6493
13:38 13:38 быстрых платежей
19.03.2026 19.03.2026 -160.00 ₽ -160.00 ₽ Внутренний перевод на 6493
10:20 10:21 договор 5765569313
18.03.2026 18.03.2026 -9.00 ₽ -9.00 ₽ Внутренний перевод на 6493
16:21 16:21 договор 8338271601
18.03.2026 18.03.2026 -1.00 ₽ -1.00 ₽ Оплата в 6493
16:21 16:21 https://max.ru/id504033780
18.03.2026 18.03.2026 -9.00 ₽ -9.00 ₽ Внутренний перевод на 6493
16:19 16:19 договор 8338271601
18.03.2026 18.03.2026 -1.00 ₽ -1.00 ₽ Оплата в 6493
16:18 16:20 https://max.ru/id504033780
18.03.2026 18.03.2026 -9.00 ₽ -9.00 ₽ Внутренний перевод на 6493
16:15 16:15 договор 8338271601
18.03.2026 18.03.2026 -1.00 ₽ -1.00 ₽ Оплата в 6493
16:14 16:16 https://max.ru/id504033780
18.03.2026 18.03.2026 -9.00 ₽ -9.00 ₽ Внутренний перевод на 6493
16:12 16:12 договор 8338271601
18.03.2026 18.03.2026 -1.00 ₽ -1.00 ₽ Оплата в 6493
16:12 16:13 https://max.ru/id504033780
18.03.2026 18.03.2026 -9.00 ₽ -9.00 ₽ Внутренний перевод на 6493
16:10 16:10 договор 8338271601
18.03.2026 18.03.2026 -1.00 ₽ -1.00 ₽ Оплата в 6493
16:09 16:10 https://max.ru/id504033780
18.03.2026 18.03.2026 -9.00 ₽ -9.00 ₽ Внутренний перевод на 6493
16:07 16:07 договор 8338271601
18.03.2026 18.03.2026 -1.00 ₽ -1.00 ₽ Оплата в 6493
16:07 16:07 https://max.ru/id504033780
18.03.2026 18.03.2026 -9.00 ₽ -9.00 ₽ Внутренний перевод на 6493
16:02 16:02 договор 8338271601
18.03.2026 18.03.2026 -1.00 ₽ -1.00 ₽ Оплата в 6493
16:02 16:03 https://max.ru/id504033780
18.03.2026 18.03.2026 -9.00 ₽ -9.00 ₽ Внутренний перевод на 6493
15:59 15:59 договор 8338271601
18.03.2026 18.03.2026 -1.00 ₽ -1.00 ₽ Оплата в 6493
15:59 16:00 https://max.ru/id504033780
18.03.2026 18.03.2026 -9.00 ₽ -9.00 ₽ Внутренний перевод на 6493
15:56 15:56 договор 8338271601
18.03.2026 18.03.2026 -1.00 ₽ -1.00 ₽ Оплата в 6493
15:56 15:57 https://max.ru/id504033780
18.03.2026 18.03.2026 -9.00 ₽ -9.00 ₽ Внутренний перевод на 6493
15:54 15:54 договор 8338271601
18.03.2026 18.03.2026 -1.00 ₽ -1.00 ₽ Оплата в 6493
15:54 15:54 https://max.ru/id504033780
АО «ТБанк» универсальная лицензия Банка России № 2673, к/с 30101810145250000974 в ГУ Банка России по ЦФО
БИК 044525974 ИНН 7710140679 КПП 771301001
22Дата и время Дата Сумма в валюте Сумма операции Описание Номер
операции списания операции в валюте карты операции карты
18.03.2026 18.03.2026 -9.00 ₽ -9.00 ₽ Внутренний перевод на 6493
15:51 15:52 договор 8338271601
18.03.2026 18.03.2026 -1.00 ₽ -1.00 ₽ Оплата в 6493
15:51 15:52 https://max.ru/id504033780
18.03.2026 18.03.2026 -9.00 ₽ -9.00 ₽ Внутренний перевод на 6493
15:44 15:44 договор 8338271601
18.03.2026 18.03.2026 -1.00 ₽ -1.00 ₽ Оплата в 6493
15:44 15:45 https://max.ru/id504033780
17.03.2026 17.03.2026 +1 000.00 ₽ +1 000.00 ₽ Пополнение. Система 6493
14:45 14:46 быстрых платежей
17.03.2026 17.03.2026 -20.03 ₽ -20.03 ₽ Внутренний перевод на 0490
10:47 10:47 договор 8338271601
17.03.2026 17.03.2026 -179.97 ₽ -179.97 ₽ Оплата в MONETKA 0490
10:47 11:02 Trekhgornyj RUS
15.03.2026 15.03.2026 +2 000.00 ₽ +2 000.00 ₽ Пополнение. Система 6493
10:35 10:35 быстрых платежей
13.03.2026 13.03.2026 -300.00 ₽ -300.00 ₽ Внутренний перевод на 0490
16:53 16:54 договор 8338271601
13.03.2026 13.03.2026 -6 200.00 ₽ -6 200.00 ₽ Оплата в VASH 0490
16:52 17:08 STOMATOLOG Yuryuzan
RUS
13.03.2026 13.03.2026 -2.00 ₽ -2.00 ₽ Внутренний перевод на 0490
15:37 15:38 договор 8338271601
13.03.2026 13.03.2026 -8.00 ₽ -8.00 ₽ Оплата в YANDEX*4121*GO 0490
15:37 15:52 MOSCOW RUS
13.03.2026 13.03.2026 -76.00 ₽ -76.00 ₽ Внутренний перевод на 0490
15:25 15:25 договор 8338271601
13.03.2026 13.03.2026 -424.00 ₽ -424.00 ₽ Оплата в YANDEX*4121*GO 0490
15:25 15:40 MOSCOW RUS
13.03.2026 13.03.2026 +8 000.00 ₽ +8 000.00 ₽ Пополнение. Система 6493
15:18 15:18 быстрых платежей
13.03.2026 13.03.2026 +500.00 ₽ +500.00 ₽ Внутрибанковский перевод 6493
15:02 15:02 с договора 8338271601
11.03.2026 11.03.2026 -159.99 ₽ -159.99 ₽ Оплата в KRASNOE&BELOE 0490
13:14 13:19 Trekhgornyj RUS
11.03.2026 11.03.2026 -10.02 ₽ -10.02 ₽ Внутренний перевод на 0490
13:12 13:13 договор 8338271601
11.03.2026 11.03.2026 -189.98 ₽ -189.98 ₽ Оплата в MONETKA 0490
13:12 13:27 Trekhgornyj RUS
10.03.2026 10.03.2026 -31.00 ₽ -31.00 ₽ Внутренний перевод на 0490
12:36 12:37 договор 8338271601
10.03.2026 10.03.2026 -169.00 ₽ -169.00 ₽ Оплата в CH74104 0490
12:36 12:51 Trekhgornyj RUS
09.03.2026 09.03.2026 -50.00 ₽ -50.00 ₽ Внутренний перевод на 0490
16:08 16:08 договор 8338271601
09.03.2026 09.03.2026 -450.00 ₽ -450.00 ₽ Оплата в KAFE ATMOSFERA 0490
16:08 16:23 Trekhgornyj RUS
09.03.2026 09.03.2026 +1 000.00 ₽ +1 000.00 ₽ Внутрибанковский перевод 6493
15:48 15:49 с договора 5535990971
08.03.2026 08.03.2026 +50.00 ₽ +50.00 ₽ Пополнение. Система 6493
10:23 10:23 быстрых платежей
08.03.2026 08.03.2026 -10.03 ₽ -10.03 ₽ Внутренний перевод на 0490
10:21 10:22 договор 8338271601
08.03.2026 08.03.2026 -289.97 ₽ -289.97 ₽ Оплата в MONETKA 0490
10:21 10:36 Trekhgornyj RUS
АО «ТБанк» универсальная лицензия Банка России № 2673, к/с 30101810145250000974 в ГУ Банка России по ЦФО
БИК 044525974 ИНН 7710140679 КПП 771301001
23Дата и время Дата Сумма в валюте Сумма операции Описание Номер
операции списания операции в валюте карты операции карты
08.03.2026 08.03.2026 +200.00 ₽ +200.00 ₽ Пополнение. Система 6493
10:20 10:21 быстрых платежей
08.03.2026 08.03.2026 -2 000.00 ₽ -2 000.00 ₽ Оплата в GOLDAPPLE 0490
09:14 09:29 EKATERINBURG RUS
08.03.2026 08.03.2026 -7.20 ₽ -7.20 ₽ Внутренний перевод на 6493
08:51 08:52 договор 8338271601
08.03.2026 08.03.2026 -142.80 ₽ -142.80 ₽ Оплата в Playerok 6493
08:51 08:51
06.03.2026 06.03.2026 -6 000.00 ₽ -6 000.00 ₽ Оплата в VASH 0490
16:58 17:13 STOMATOLOG Yuryuzan
RUS
05.03.2026 05.03.2026 -1 000.00 ₽ -1 000.00 ₽ Снятие наличных. Т-Банк, 0490
16:08 16:09 8189 Трехгорный Россия
05.03.2026 05.03.2026 -500.00 ₽ -500.00 ₽ Внешний перевод по 6493
15:01 15:02 номеру телефона
+79222347162
05.03.2026 05.03.2026 -2 000.00 ₽ -2 000.00 ₽ Внутренний перевод на 6493
13:14 13:15 договор 5881863020
04.03.2026 04.03.2026 -9.02 ₽ -9.02 ₽ Внутренний перевод на 0490
11:05 11:05 договор 8338271601
04.03.2026 04.03.2026 -140.98 ₽ -140.98 ₽ Оплата в PYATEROCHKA 0490
11:05 11:20 23614 Trekhgornyj RUS
03.03.2026 03.03.2026 +80.00 ₽ +80.00 ₽ Внутрибанковский перевод 6493
19:42 19:42 с договора 5765569313
03.03.2026 03.03.2026 -48.03 ₽ -48.03 ₽ Внутренний перевод на 0490
19:24 19:24 договор 8338271601
03.03.2026 03.03.2026 -201.97 ₽ -201.97 ₽ Оплата в MAGNIT MM 0490
19:24 19:39 FLUKSUS Trekhgornyj RUS
03.03.2026 03.03.2026 -1 500.00 ₽ -1 500.00 ₽ Внешний перевод по 6493
15:24 15:24 номеру телефона
+79822701943
03.03.2026 03.03.2026 -260.00 ₽ -260.00 ₽ Оплата услуг iBank.MTS 6493
09:43 09:44
02.03.2026 02.03.2026 -200.00 ₽ -200.00 ₽ Внутренний перевод на 6493
21:53 21:53 договор 5765569313
02.03.2026 02.03.2026 -3.00 ₽ -3.00 ₽ Внутренний перевод на 6493
19:46 19:46 договор 8338271601
02.03.2026 02.03.2026 -17.00 ₽ -17.00 ₽ Оплата в Dexar Market 6493
19:46 19:47
02.03.2026 02.03.2026 -30.00 ₽ -30.00 ₽ Оплата в RK*PROXY6 0490
19:24 19:29 SANKT-PETERBU RUS
01.03.2026 01.03.2026 +14 000.00 ₽ +14 000.00 ₽ Пополнение. Система 6493
19:32 19:32 быстрых платежей
28.02.2026 28.02.2026 +1.00 ₽ +1.00 ₽ Возврат покупки через СБП 6493
21:51 21:51 tvoe.live
28.02.2026 28.02.2026 -9.00 ₽ -9.00 ₽ Внутренний перевод на 6493
21:50 21:50 договор 8338271601
28.02.2026 28.02.2026 -1.00 ₽ -1.00 ₽ Оплата в tvoe.live Moskva 6493
21:50 21:51 RU
26.02.2026 26.02.2026 -1.00 ₽ -1.00 ₽ Внутренний перевод на 6493
17:44 17:45 договор 8338271601
26.02.2026 26.02.2026 -99.00 ₽ -99.00 ₽ Оплата в ООО "ПРЕМЬЕР" 6493
17:44 17:46
26.02.2026 26.02.2026 -1 000.00 ₽ -1 000.00 ₽ Снятие наличных. Т-Банк, 0490
14:58 14:59 8189 Трехгорный Россия
АО «ТБанк» универсальная лицензия Банка России № 2673, к/с 30101810145250000974 в ГУ Банка России по ЦФО
БИК 044525974 ИНН 7710140679 КПП 771301001
24Дата и время Дата Сумма в валюте Сумма операции Описание Номер
операции списания операции в валюте карты операции карты
25.02.2026 25.02.2026 -210.96 ₽ -210.96 ₽ Оплата в MAGNIT MM 0490
10:36 10:51 RICHARD Trekhgornyj RUS
25.02.2026 25.02.2026 -39.04 ₽ -39.04 ₽ Внутренний перевод на 0490
10:36 10:37 договор 8338271601
24.02.2026 24.02.2026 -36.02 ₽ -36.02 ₽ Внутренний перевод на 0490
18:33 18:34 договор 8338271601
24.02.2026 24.02.2026 -113.98 ₽ -113.98 ₽ Оплата в MAGNIT MM 0490
18:33 18:48 BENDIGO Trekhgornyj RUS
24.02.2026 24.02.2026 -1 500.00 ₽ -1 500.00 ₽ Внешний перевод по 6493
15:34 15:34 номеру телефона
+79822701943
23.02.2026 23.02.2026 -373.00 ₽ -373.00 ₽ Внешний перевод по 6493
20:06 20:06 номеру телефона
+79935470750
23.02.2026 23.02.2026 -15.01 ₽ -15.01 ₽ Внутренний перевод на 0490
18:20 18:20 договор 8338271601
23.02.2026 23.02.2026 -84.99 ₽ -84.99 ₽ Оплата в PYATEROCHKA 0490
18:20 18:36 23614 Trekhgornyj RUS
23.02.2026 23.02.2026 +555.00 ₽ +555.00 ₽ Внутрибанковский перевод 6493
15:20 15:20 с договора 8173748697
22.02.2026 22.02.2026 +300.00 ₽ +300.00 ₽ Пополнение. Система 6493
12:28 12:29 быстрых платежей
21.02.2026 21.02.2026 -500.00 ₽ -500.00 ₽ Внешний перевод по 6493
10:17 10:17 номеру телефона
+79193212126
19.02.2026 19.02.2026 -2 652.00 ₽ -2 652.00 ₽ Внешний перевод по 6493
16:25 16:25 номеру телефона
+79823602595
19.02.2026 19.02.2026 -78.00 ₽ -78.00 ₽ Внутренний перевод на 0490
14:34 14:34 договор 8338271601
19.02.2026 19.02.2026 -422.00 ₽ -422.00 ₽ Оплата в CH74104 0490
14:34 14:49 Trekhgornyj RUS
18.02.2026 18.02.2026 -7.00 ₽ -7.00 ₽ Внутренний перевод на 0490
21:46 21:46 договор 8338271601
18.02.2026 19.02.2026 -33.00 ₽ -33.00 ₽ Оплата в RK*PROXY6NET2 0490
21:46 02:59 SAMARA RUS
18.02.2026 18.02.2026 -25.02 ₽ -25.02 ₽ Внутренний перевод на 0490
11:51 11:52 договор 8338271601
18.02.2026 18.02.2026 -174.98 ₽ -174.98 ₽ Оплата в MAGNIT MM 0490
11:51 12:07 BENDIGO Trekhgornyj RUS
16.02.2026 16.02.2026 -10.03 ₽ -10.03 ₽ Внутренний перевод на 0490
18:39 18:39 договор 8338271601
16.02.2026 16.02.2026 -189.97 ₽ -189.97 ₽ Оплата в MAGNIT MM 0490
18:39 18:54 BENDIGO Trekhgornyj RUS
13.02.2026 13.02.2026 +120.00 ₽ +120.00 ₽ Пополнение. Система 6493
18:17 18:18 быстрых платежей
13.02.2026 13.02.2026 -15.01 ₽ -15.01 ₽ Внутренний перевод на 0490
11:53 11:53 договор 8338271601
13.02.2026 13.02.2026 -84.99 ₽ -84.99 ₽ Оплата в PYATEROCHKA 0490
11:52 12:07 23614 Trekhgornyj RUS
12.02.2026 12.02.2026 -18.00 ₽ -18.00 ₽ Внутренний перевод на 6493
21:22 21:23 договор 8338271601
12.02.2026 12.02.2026 -1 482.00 ₽ -1 482.00 ₽ Оплата в REG.RU 6493
21:22 21:23
12.02.2026 12.02.2026 -10.02 ₽ -10.02 ₽ Внутренний перевод на 0490
13:27 13:28 договор 8338271601
АО «ТБанк» универсальная лицензия Банка России № 2673, к/с 30101810145250000974 в ГУ Банка России по ЦФО
БИК 044525974 ИНН 7710140679 КПП 771301001
25Дата и время Дата Сумма в валюте Сумма операции Описание Номер
операции списания операции в валюте карты операции карты
12.02.2026 12.02.2026 -189.98 ₽ -189.98 ₽ Оплата в MONETKA 0490
13:27 13:42 Trekhgornyj RUS
12.02.2026 12.02.2026 +8 500.00 ₽ +8 500.00 ₽ Пополнение. Сбербанк 6493
12:34 12:34 Онлайн
10.02.2026 10.02.2026 -1 200.00 ₽ -1 200.00 ₽ Внешний перевод по 6493
13:39 13:39 номеру телефона
+79822701943
09.02.2026 09.02.2026 -20.01 ₽ -20.01 ₽ Внутренний перевод на 0490
18:48 18:49 договор 8338271601
09.02.2026 09.02.2026 -79.99 ₽ -79.99 ₽ Оплата в MAGNIT MM 0490
18:48 19:03 BENDIGO Trekhgornyj RUS
09.02.2026 09.02.2026 -45.01 ₽ -45.01 ₽ Внутренний перевод на 0490
12:39 12:39 договор 8338271601
09.02.2026 09.02.2026 -54.99 ₽ -54.99 ₽ Оплата в MAGNIT MM 0490
12:39 12:54 BENDIGO Trekhgornyj RUS
08.02.2026 08.02.2026 -41.05 ₽ -41.05 ₽ Внутренний перевод на 0490
18:05 18:05 договор 8338271601
08.02.2026 08.02.2026 -358.95 ₽ -358.95 ₽ Оплата в PYATEROCHKA 0490
18:05 18:20 23614 Trekhgornyj RUS
08.02.2026 08.02.2026 -148.47 ₽ -148.47 ₽ Оплата в MAGNIT MM 0490
17:32 17:47 BENDIGO Trekhgornyj RUS
08.02.2026 08.02.2026 -1.53 ₽ -1.53 ₽ Внутренний перевод на 0490
17:32 17:32 договор 8338271601
08.02.2026 08.02.2026 -20.00 ₽ -20.00 ₽ Внутренний перевод на 6493
01:00 02:55 договор 8338271601
08.02.2026 08.02.2026 -130.00 ₽ -130.00 ₽ Оплата в REG.RU 6493
01:00 03:10
06.02.2026 07.02.2026 -10.00 ₽ -10.00 ₽ Внутренний перевод на 6493
23:50 02:55 договор 8338271601
06.02.2026 07.02.2026 -90.00 ₽ -90.00 ₽ Оплата в Сервисы Яндекса 6493
23:50 03:07
06.02.2026 07.02.2026 +100.00 ₽ +100.00 ₽ Пополнение. Система 6493
23:36 02:55 быстрых платежей
06.02.2026 06.02.2026 -5.02 ₽ -5.02 ₽ Внутренний перевод на 0490
11:35 11:35 договор 8338271601
06.02.2026 06.02.2026 -144.98 ₽ -144.98 ₽ Оплата в MAGNIT MM 0490
11:35 11:50 RICHARD Trekhgornyj RUS
06.02.2026 06.02.2026 -1.00 ₽ -1.00 ₽ Внутренний перевод на 0490
10:59 10:59 договор 8338271601
06.02.2026 06.02.2026 -99.00 ₽ -99.00 ₽ Оплата в CH74104 0490
10:59 11:14 Trekhgornyj RUS
05.02.2026 05.02.2026 +300.00 ₽ +300.00 ₽ Пополнение. Система 6493
18:42 18:42 быстрых платежей
05.02.2026 05.02.2026 -83.78 ₽ -83.78 ₽ Внутренний перевод на 0490
18:21 18:22 договор 8338271601
05.02.2026 05.02.2026 -316.22 ₽ -316.22 ₽ Оплата в MAGNIT MM 0490
18:21 18:36 RICHARD Trekhgornyj RUS
05.02.2026 05.02.2026 -5 000.00 ₽ -5 000.00 ₽ Снятие наличных. Т-Банк, 0490
14:59 15:01 8189 Трехгорный Россия
05.02.2026 05.02.2026 -15.02 ₽ -15.02 ₽ Внутренний перевод на 0490
13:34 13:34 договор 8338271601
05.02.2026 05.02.2026 -134.98 ₽ -134.98 ₽ Оплата в MAGNIT MM 0490
13:34 13:49 BENDIGO Trekhgornyj RUS
04.02.2026 04.02.2026 +1 000.00 ₽ +1 000.00 ₽ Пополнение. Система 6493
20:24 20:25 быстрых платежей
АО «ТБанк» универсальная лицензия Банка России № 2673, к/с 30101810145250000974 в ГУ Банка России по ЦФО
БИК 044525974 ИНН 7710140679 КПП 771301001
26Дата и время Дата Сумма в валюте Сумма операции Описание Номер
операции списания операции в валюте карты операции карты
04.02.2026 04.02.2026 +5 000.00 ₽ +5 000.00 ₽ Пополнение. Система 6493
20:24 20:24 быстрых платежей
04.02.2026 04.02.2026 -350.00 ₽ -350.00 ₽ Внешний перевод по 6493
14:36 14:36 номеру телефона
+79823602595
04.02.2026 04.02.2026 -5 500.00 ₽ -5 500.00 ₽ Внешний перевод по 6493
14:20 14:21 номеру телефона
+79823602595
01.02.2026 01.02.2026 -44.02 ₽ -44.02 ₽ Внутренний перевод на 0490
18:40 18:40 договор 8338271601
01.02.2026 01.02.2026 -105.98 ₽ -105.98 ₽ Оплата в MAGNIT MM 0490
18:40 18:55 RICHARD Trekhgornyj RUS
01.02.2026 01.02.2026 -372.97 ₽ -372.97 ₽ Оплата в PYATEROCHKA 0490
17:21 17:36 23614 Trekhgornyj RUS
01.02.2026 01.02.2026 -27.03 ₽ -27.03 ₽ Внутренний перевод на 0490
17:21 17:21 договор 8338271601
01.02.2026 01.02.2026 +8 000.00 ₽ +8 000.00 ₽ Пополнение. Система 6493
17:20 17:20 быстрых платежей
29.01.2026 29.01.2026 -1 000.00 ₽ -1 000.00 ₽ Снятие наличных. Т-Банк, 0490
14:50 14:51 8189 Трехгорный Россия
29.01.2026 29.01.2026 +1 000.00 ₽ +1 000.00 ₽ Пополнение. Система 6493
14:45 14:46 быстрых платежей
26.01.2026 27.01.2026 -282.00 ₽ -282.00 ₽ Внутренний перевод на 6493
22:46 02:58 договор 8338271601
26.01.2026 26.01.2026 -15.02 ₽ -15.02 ₽ Внутренний перевод на 6493
18:09 18:10 договор 8338271601
26.01.2026 26.01.2026 -134.98 ₽ -134.98 ₽ Оплата в Магнит 6493
18:09 18:10
26.01.2026 26.01.2026 +150.00 ₽ +150.00 ₽ Пополнение. Система 6493
18:08 18:08 быстрых платежей
26.01.2026 26.01.2026 -1.00 ₽ -1.00 ₽ Внутренний перевод на 6493
17:43 17:44 договор 8338271601
26.01.2026 26.01.2026 -99.00 ₽ -99.00 ₽ Оплата в ООО "ПРЕМЬЕР" 6493
17:43 17:44
26.01.2026 26.01.2026 +44.30 ₽ +44.30 ₽ Внутрибанковский перевод 6493
14:22 14:23 с договора 8173748697
25.01.2026 25.01.2026 -1 500.00 ₽ -1 500.00 ₽ Внутренний перевод на 6493
14:08 14:08 договор 8173748697
25.01.2026 25.01.2026 +1 500.00 ₽ +1 500.00 ₽ Пополнение. Система 6493
14:06 14:06 быстрых платежей
23.01.2026 23.01.2026 -1 364.00 ₽ -1 364.00 ₽ Внешний перевод по 6493
17:05 17:05 номеру телефона
+79823602595
23.01.2026 23.01.2026 +1 500.00 ₽ +1 500.00 ₽ Внутрибанковский перевод 6493
17:04 17:04 с договора 8173748697
22.01.2026 22.01.2026 -13.01 ₽ -13.01 ₽ Внутренний перевод на 0490
11:50 11:50 договор 8338271601
22.01.2026 22.01.2026 -86.99 ₽ -86.99 ₽ Оплата в MAGNIT MM 0490
11:50 12:05 BENDIGO Trekhgornyj RUS
22.01.2026 22.01.2026 +300.00 ₽ +300.00 ₽ Пополнение. Система 6493
11:48 11:48 быстрых платежей
22.01.2026 22.01.2026 -33.00 ₽ -33.00 ₽ Внутренний перевод на 6493
05:55 05:55 договор 8338271601
22.01.2026 22.01.2026 -117.00 ₽ -117.00 ₽ Оплата в Сервисы Яндекса 6493
05:55 05:56
АО «ТБанк» универсальная лицензия Банка России № 2673, к/с 30101810145250000974 в ГУ Банка России по ЦФО
БИК 044525974 ИНН 7710140679 КПП 771301001
27Дата и время Дата Сумма в валюте Сумма операции Описание Номер
операции списания операции в валюте карты операции карты
22.01.2026 22.01.2026 +150.00 ₽ +150.00 ₽ Пополнение. Система 6493
05:51 05:51 быстрых платежей
17.01.2026 17.01.2026 -33.00 ₽ -33.00 ₽ Оплата в RK*PROXY6NET2 0490
18:17 18:32 SAMARA RUS
17.01.2026 17.01.2026 +25.00 ₽ +25.00 ₽ Внутрибанковский перевод 6493
18:17 18:17 с договора 8338271601
17.01.2026 17.01.2026 -7.00 ₽ -7.00 ₽ Внутренний перевод на 0490
18:07 18:07 договор 8338271601
17.01.2026 17.01.2026 -33.00 ₽ -33.00 ₽ Оплата в RK*PROXY6NET2 0490
18:07 18:22 SAMARA RUS
17.01.2026 17.01.2026 +50.00 ₽ +50.00 ₽ Пополнение. Система 6493
10:39 10:40 быстрых платежей
14.01.2026 14.01.2026 -11 052.00 ₽ -11 052.00 ₽ Внутренний перевод на 6493
17:42 17:43 договор 8338271601
14.01.2026 14.01.2026 +11 000.00 ₽ +11 000.00 ₽ Пополнение. Система 6493
16:59 16:59 быстрых платежей
09.01.2026 09.01.2026 -30.00 ₽ -30.00 ₽ Внутренний перевод на 6493
18:39 18:39 договор 8338271601
09.01.2026 09.01.2026 -120.00 ₽ -120.00 ₽ Оплата в FUNPAY Moskva 6493
18:39 18:39 RU
09.01.2026 09.01.2026 -6.00 ₽ -6.00 ₽ Внутренний перевод на 6493
17:47 17:47 договор 8338271601
09.01.2026 09.01.2026 -494.00 ₽ -494.00 ₽ Оплата в REG.RU 6493
17:47 17:48
09.01.2026 09.01.2026 -145.00 ₽ -145.00 ₽ Внешний перевод по 6493
17:14 17:14 номеру телефона
+79193521120
09.01.2026 09.01.2026 +795.00 ₽ +795.00 ₽ Пополнение. Система 6493
15:49 15:49 быстрых платежей
09.01.2026 09.01.2026 -231.99 ₽ -231.99 ₽ Оплата в MAGNIT MM 0490
09:38 09:53 RICHARD Trekhgornyj RUS
09.01.2026 09.01.2026 -18.01 ₽ -18.01 ₽ Внутренний перевод на 0490
09:38 09:38 договор 8338271601
09.01.2026 09.01.2026 +100.00 ₽ +100.00 ₽ Внутрибанковский перевод 6493
09:38 09:38 с договора 8338271601
09.01.2026 09.01.2026 -50.00 ₽ -50.00 ₽ Внешний перевод по 6493
09:26 09:26 номеру телефона
+79823602595
09.01.2026 09.01.2026 -422.00 ₽ -422.00 ₽ Внешний перевод по 6493
09:24 09:25 номеру телефона
+79823602595
08.01.2026 08.01.2026 -86.00 ₽ -86.00 ₽ Внутренний перевод на 6493
13:36 13:36 договор 8338271601
08.01.2026 08.01.2026 -314.00 ₽ -314.00 ₽ Оплата в Сервисы Яндекса 6493
13:36 13:37
08.01.2026 08.01.2026 +1 000.00 ₽ +1 000.00 ₽ Внутрибанковский перевод 6493
13:34 13:35 с договора 8338271601
07.01.2026 07.01.2026 +74.00 ₽ +74.00 ₽ Внутрибанковский перевод 6493
20:18 20:18 с договора 8173748697
27.12.2025 27.12.2025 -1 850.00 ₽ -1 850.00 ₽ Внутренний перевод на 6493
00:44 03:17 договор 8338271601
26.12.2025 26.12.2025 -1.00 ₽ -1.00 ₽ Внутренний перевод на 6493
17:30 17:30 договор 8338271601
26.12.2025 26.12.2025 -99.00 ₽ -99.00 ₽ Оплата в ООО "ПРЕМЬЕР" 6493
17:29 17:31
АО «ТБанк» универсальная лицензия Банка России № 2673, к/с 30101810145250000974 в ГУ Банка России по ЦФО
БИК 044525974 ИНН 7710140679 КПП 771301001
28Дата и время Дата Сумма в валюте Сумма операции Описание Номер
операции списания операции в валюте карты операции карты
25.12.2025 25.12.2025 +1 900.00 ₽ +1 900.00 ₽ Пополнение. Система 6493
19:15 19:17 быстрых платежей
23.12.2025 23.12.2025 -0.50 ₽ -0.50 ₽ Внутренний перевод на 0490
12:45 12:45 договор 8338271601
23.12.2025 23.12.2025 -49.50 ₽ -49.50 ₽ Оплата в APTEKA 1487 0490
12:45 13:00 Trekhgornyj RUS
23.12.2025 23.12.2025 +100.00 ₽ +100.00 ₽ Внутрибанковский перевод 6493
12:44 12:44 с договора 8338271601
20.12.2025 20.12.2025 -550.00 ₽ -550.00 ₽ Внутренний перевод на 6493
19:56 19:57 договор 8338271601
20.12.2025 20.12.2025 +500.00 ₽ +500.00 ₽ Пополнение. Система 6493
19:56 19:57 быстрых платежей
16.12.2025 16.12.2025 -4.00 ₽ -4.00 ₽ Внутренний перевод на 6493
13:53 13:54 договор 8338271601
16.12.2025 16.12.2025 -96.00 ₽ -96.00 ₽ Оплата в Сервисы Яндекса 6493
13:53 13:54
16.12.2025 16.12.2025 +150.00 ₽ +150.00 ₽ Внутрибанковский перевод 6493
13:44 13:44 с договора 8338271601
16.12.2025 16.12.2025 -33.00 ₽ -33.00 ₽ Оплата в 6493
11:32 11:33 ROBOKASSA_SERVICES
16.12.2025 16.12.2025 +33.00 ₽ +33.00 ₽ Внутрибанковский перевод 6493
11:31 11:32 с договора 8338271601
15.12.2025 16.12.2025 -3 736.57 ₽ -3 736.57 ₽ Внутренний перевод на 6493
23:52 03:14 договор 8338271601
15.12.2025 16.12.2025 +2 700.00 ₽ +2 700.00 ₽ Пополнение. Система 6493
23:41 03:14 быстрых платежей
15.12.2025 15.12.2025 -314.00 ₽ -314.00 ₽ Внутренний перевод на 6493
20:14 20:15 договор 5515128182
12.12.2025 12.12.2025 -17.00 ₽ -17.00 ₽ Внутренний перевод на 0490
13:46 13:47 договор 8338271601
12.12.2025 12.12.2025 -133.00 ₽ -133.00 ₽ Оплата в CH74104 0490
13:46 14:01 Trekhgornyj RUS
12.12.2025 12.12.2025 +1 500.00 ₽ +1 500.00 ₽ Внутрибанковский перевод 6493
11:54 11:55 с договора 5535990971
11.12.2025 11.12.2025 -1 500.00 ₽ -1 500.00 ₽ Снятие наличных. Т-Банк, 0490
16:27 16:28 8658 Трехгорный Россия
11.12.2025 11.12.2025 +1 400.00 ₽ +1 400.00 ₽ Внутрибанковский перевод 6493
16:26 16:26 с договора 8338271601
11.12.2025 11.12.2025 -31.02 ₽ -31.02 ₽ Внутренний перевод на 0490
16:07 16:07 договор 8338271601
11.12.2025 11.12.2025 -118.98 ₽ -118.98 ₽ Оплата в MAGNIT MM 0490
16:07 16:22 RICHARD Trekhgornyj RUS
11.12.2025 11.12.2025 +100.00 ₽ +100.00 ₽ Внутрибанковский перевод 6493
16:02 16:02 с договора 8338271601
11.12.2025 11.12.2025 +150.00 ₽ +150.00 ₽ Внутрибанковский перевод 6493
15:53 15:54 с договора 8338271601
10.12.2025 10.12.2025 -2 200.00 ₽ -2 200.00 ₽ Внутренний перевод на 6493
16:56 16:57 договор 8338271601
10.12.2025 10.12.2025 +1 100.00 ₽ +1 100.00 ₽ Внутрибанковский перевод 6493
16:56 16:57 с договора 8338271601
10.12.2025 10.12.2025 +1 000.00 ₽ +1 000.00 ₽ Пополнение. Система 6493
12:00 12:00 быстрых платежей
09.12.2025 09.12.2025 -500.00 ₽ -500.00 ₽ Внутренний перевод на 6493
00:26 02:57 договор 5765569313
АО «ТБанк» универсальная лицензия Банка России № 2673, к/с 30101810145250000974 в ГУ Банка России по ЦФО
БИК 044525974 ИНН 7710140679 КПП 771301001
29Дата и время Дата Сумма в валюте Сумма операции Описание Номер
операции списания операции в валюте карты операции карты
07.12.2025 07.12.2025 +500.00 ₽ +500.00 ₽ Пополнение. Система 6493
19:28 19:29 быстрых платежей
05.12.2025 05.12.2025 -50.03 ₽ -50.03 ₽ Внутренний перевод на 0490
15:11 15:12 договор 8338271601
05.12.2025 05.12.2025 -349.97 ₽ -349.97 ₽ Оплата в MONETKA 0490
15:10 15:26 Trekhgornyj RUS
05.12.2025 05.12.2025 +500.00 ₽ +500.00 ₽ Пополнение. Система 6493
15:06 15:07 быстрых платежей
04.12.2025 05.12.2025 -2 000.00 ₽ -2 000.00 ₽ Внутренний перевод на 6493
22:41 02:49 договор 8338271601
04.12.2025 04.12.2025 +2 000.00 ₽ +2 000.00 ₽ Пополнение. Система 6493
21:59 22:00 быстрых платежей
04.12.2025 04.12.2025 -74.00 ₽ -74.00 ₽ Оплата в CH74104 0490
07:55 08:10 Trekhgornyj RUS
04.12.2025 04.12.2025 -26.00 ₽ -26.00 ₽ Внутренний перевод на 0490
07:55 07:55 договор 8338271601
04.12.2025 04.12.2025 +100.00 ₽ +100.00 ₽ Внутрибанковский перевод 6493
07:46 07:46 с договора 8338271601
03.12.2025 03.12.2025 -4.04 ₽ -4.04 ₽ Внутренний перевод на 0490
15:36 15:36 договор 8338271601
03.12.2025 03.12.2025 -295.96 ₽ -295.96 ₽ Оплата в MONETKA 0490
15:35 15:51 Trekhgornyj RUS
03.12.2025 03.12.2025 +300.00 ₽ +300.00 ₽ Пополнение. Система 6493
15:27 15:27 быстрых платежей
30.11.2025 30.11.2025 -144.67 ₽ -144.67 ₽ Оплата в PYATEROCHKA 0490
08:31 08:46 23614 Trekhgornyj RUS
30.11.2025 30.11.2025 +144.00 ₽ +144.00 ₽ Внутрибанковский перевод 6493
08:31 08:31 с договора 8338271601
27.11.2025 28.11.2025 -1 662.00 ₽ -1 662.00 ₽ Оплата в DONATOV.NET 6493
23:20 03:31
27.11.2025 28.11.2025 +1 662.00 ₽ +1 662.00 ₽ Внутрибанковский перевод 6493
23:19 03:23 с договора 8338271601
27.11.2025 28.11.2025 -6 000.00 ₽ -6 000.00 ₽ Внутренний перевод на 6493
22:15 03:23 договор 8338271601
27.11.2025 27.11.2025 +6 000.00 ₽ +6 000.00 ₽ Пополнение. Система 6493
21:38 21:39 быстрых платежей
27.11.2025 27.11.2025 -25.02 ₽ -25.02 ₽ Внутренний перевод на 0490
13:36 13:37 договор 8338271601
27.11.2025 27.11.2025 -124.98 ₽ -124.98 ₽ Оплата в MAGNIT MM 0490
13:32 13:47 BENDIGO Trekhgornyj RUS
27.11.2025 27.11.2025 +100.00 ₽ +100.00 ₽ Внутрибанковский перевод 6493
13:32 13:32 с договора 8338271601
27.11.2025 27.11.2025 -50.00 ₽ -50.00 ₽ Внутренний перевод на 6493
13:31 13:31 договор 8338271601
27.11.2025 27.11.2025 +100.00 ₽ +100.00 ₽ Внутрибанковский перевод 6493
13:30 13:30 с договора 8338271601
25.11.2025 25.11.2025 -10 500.00 ₽ -10 500.00 ₽ Внутренний перевод на 6493
18:58 18:59 договор 8338271601
25.11.2025 25.11.2025 +10 500.00 ₽ +10 500.00 ₽ Внутрибанковский перевод 6493
18:30 18:30 с договора 5299952344
25.11.2025 25.11.2025 -30.01 ₽ -30.01 ₽ Внутренний перевод на 0490
16:00 16:01 договор 8338271601
25.11.2025 25.11.2025 -69.99 ₽ -69.99 ₽ Оплата в MONETKA 0490
16:00 16:16 Trekhgornyj RUS
АО «ТБанк» универсальная лицензия Банка России № 2673, к/с 30101810145250000974 в ГУ Банка России по ЦФО
БИК 044525974 ИНН 7710140679 КПП 771301001
30Дата и время Дата Сумма в валюте Сумма операции Описание Номер
операции списания операции в валюте карты операции карты
25.11.2025 25.11.2025 -1.01 ₽ -1.01 ₽ Внутренний перевод на 0490
13:48 13:48 договор 8338271601
25.11.2025 25.11.2025 -28.99 ₽ -28.99 ₽ Оплата в PYATEROCHKA 0490
13:47 14:02 23614 Trekhgornyj RUS
25.11.2025 25.11.2025 -49.00 ₽ -49.00 ₽ Оплата в CH74104 0490
10:14 10:29 Trekhgornyj RUS
25.11.2025 25.11.2025 -1.00 ₽ -1.00 ₽ Внутренний перевод на 0490
10:14 10:15 договор 8338271601
25.11.2025 25.11.2025 -89.00 ₽ -89.00 ₽ Внутренний перевод на 6493
02:44 03:14 договор 8338271601
25.11.2025 25.11.2025 -411.00 ₽ -411.00 ₽ Оплата в REG.RU 6493
02:44 03:33
24.11.2025 24.11.2025 -29.99 ₽ -29.99 ₽ Оплата в MONETKA 0490
17:27 17:42 Trekhgornyj RUS
24.11.2025 24.11.2025 -0.01 ₽ -0.01 ₽ Внутренний перевод на 0490
17:27 17:27 договор 8338271601
24.11.2025 24.11.2025 -26.00 ₽ -26.00 ₽ Внутренний перевод на 0490
15:53 15:54 договор 8338271601
24.11.2025 24.11.2025 -74.00 ₽ -74.00 ₽ Оплата в CH74104 0490
15:53 16:08 Trekhgornyj RUS
24.11.2025 24.11.2025 +800.00 ₽ +800.00 ₽ Пополнение. Система 6493
15:51 15:51 быстрых платежей
23.11.2025 23.11.2025 -27 000.00 ₽ -27 000.00 ₽ Внутренний перевод на 6493
20:28 20:28 договор 8338271601
23.11.2025 23.11.2025 +1 000.00 ₽ +1 000.00 ₽ Пополнение. Система 6493
12:09 12:09 быстрых платежей
23.11.2025 23.11.2025 +26 000.00 ₽ +26 000.00 ₽ Пополнение. Система 6493
09:44 09:44 быстрых платежей
22.11.2025 22.11.2025 -305.97 ₽ -305.97 ₽ Оплата в MAGNIT MM 0490
20:01 20:16 RICHARD Trekhgornyj RUS
22.11.2025 22.11.2025 -94.03 ₽ -94.03 ₽ Внутренний перевод на 0490
20:01 20:02 договор 8338271601
19.11.2025 19.11.2025 -20.02 ₽ -20.02 ₽ Внутренний перевод на 0490
17:13 17:13 договор 8338271601
19.11.2025 19.11.2025 -129.98 ₽ -129.98 ₽ Оплата в MONETKA 0490
17:13 17:28 Trekhgornyj RUS
18.11.2025 18.11.2025 -30.01 ₽ -30.01 ₽ Внутренний перевод на 0490
16:31 16:32 договор 8338271601
18.11.2025 18.11.2025 -69.99 ₽ -69.99 ₽ Оплата в MONETKA 0490
16:31 16:46 Trekhgornyj RUS
16.11.2025 16.11.2025 -33.00 ₽ -33.00 ₽ Оплата в PK*PX6.ME 6493
10:16 10:26 Elektrostal RUS
16.11.2025 16.11.2025 -7.00 ₽ -7.00 ₽ Внутренний перевод на 6493
10:16 10:16 договор 8338271601
16.11.2025 16.11.2025 +600.00 ₽ +600.00 ₽ Пополнение. Система 6493
09:41 09:41 быстрых платежей
16.11.2025 16.11.2025 -500.00 ₽ -500.00 ₽ Внешний перевод по 6493
09:15 09:15 номеру телефона
+79193212126
16.11.2025 16.11.2025 +500.00 ₽ +500.00 ₽ Внутрибанковский перевод 6493
09:14 09:14 с договора 8338271601
16.11.2025 16.11.2025 -10.00 ₽ -10.00 ₽ Внутренний перевод на 6493
08:54 08:54 договор 8338271601
16.11.2025 16.11.2025 -90.00 ₽ -90.00 ₽ Оплата в Сервисы Яндекса 6493
08:54 08:54
АО «ТБанк» универсальная лицензия Банка России № 2673, к/с 30101810145250000974 в ГУ Банка России по ЦФО
БИК 044525974 ИНН 7710140679 КПП 771301001
31Дата и время Дата Сумма в валюте Сумма операции Описание Номер
операции списания операции в валюте карты операции карты
16.11.2025 16.11.2025 +100.00 ₽ +100.00 ₽ Внутрибанковский перевод 6493
08:52 08:52 с договора 8338271601
14.11.2025 14.11.2025 -73.02 ₽ -73.02 ₽ Внутренний перевод на 0490
19:24 19:24 договор 8338271601
14.11.2025 14.11.2025 -426.98 ₽ -426.98 ₽ Оплата в MAGNIT MM 0490
19:24 19:39 RICHARD Trekhgornyj RUS
14.11.2025 14.11.2025 +500.00 ₽ +500.00 ₽ Пополнение. Система 6493
19:04 19:05 быстрых платежей
14.11.2025 14.11.2025 -20.01 ₽ -20.01 ₽ Внутренний перевод на 0490
12:45 12:47 договор 8338271601
14.11.2025 14.11.2025 -79.99 ₽ -79.99 ₽ Оплата в PYATEROCHKA 0490
12:45 13:00 23614 Trekhgornyj RUS
14.11.2025 14.11.2025 +200.00 ₽ +200.00 ₽ Пополнение. Система 6493
12:41 12:41 быстрых платежей
12.11.2025 12.11.2025 -521.26 ₽ -521.26 ₽ Оплата в FUNPAY 6493
17:47 17:48
12.11.2025 12.11.2025 +521.00 ₽ +521.00 ₽ Внутрибанковский перевод 6493
17:46 17:47 с договора 8338271601
10.11.2025 10.11.2025 -44.00 ₽ -44.00 ₽ Внутренний перевод на 6493
15:45 15:45 договор 8338271601
10.11.2025 10.11.2025 -106.00 ₽ -106.00 ₽ Оплата в Сервисы Яндекса 6493
15:44 15:46
10.11.2025 10.11.2025 +150.00 ₽ +150.00 ₽ Внутрибанковский перевод 6493
15:44 15:45 с договора 8338271601
09.11.2025 10.11.2025 -2 500.00 ₽ -2 500.00 ₽ Внутренний перевод на 6493
23:51 03:02 договор 8338271601
09.11.2025 10.11.2025 +2 500.00 ₽ +2 500.00 ₽ Пополнение. Система 6493
23:45 03:02 быстрых платежей
07.11.2025 07.11.2025 -1.00 ₽ -1.00 ₽ Оплата в Ai Моди Бот 6493
17:23 17:24
07.11.2025 07.11.2025 -2 150.00 ₽ -2 150.00 ₽ Внутренний перевод на 6493
17:23 17:23 договор 8338271601
07.11.2025 07.11.2025 -0.01 ₽ -0.01 ₽ Внутренний перевод на 0490
13:04 13:04 договор 8338271601
07.11.2025 07.11.2025 -99.99 ₽ -99.99 ₽ Оплата в MAGNIT MM 0490
12:44 12:59 BENDIGO Trekhgornyj RUS
07.11.2025 07.11.2025 -30.02 ₽ -30.02 ₽ Внутренний перевод на 0490
08:58 08:58 договор 8338271601
07.11.2025 07.11.2025 -119.98 ₽ -119.98 ₽ Оплата в MONETKA 0490
08:58 09:13 Trekhgornyj RUS
07.11.2025 07.11.2025 -31.00 ₽ -31.00 ₽ Внутренний перевод на 0490
07:12 07:12 договор 8338271601
07.11.2025 07.11.2025 -69.00 ₽ -69.00 ₽ Оплата в CH74104 0490
07:12 07:27 Trekhgornyj RUS
06.11.2025 06.11.2025 -5 000.00 ₽ -5 000.00 ₽ Снятие наличных. Т-Банк, 0490
15:02 15:03 8189 Трехгорный Россия
05.11.2025 05.11.2025 +1 000.00 ₽ +1 000.00 ₽ Пополнение. Система 6493
19:42 19:42 быстрых платежей
05.11.2025 05.11.2025 -40.01 ₽ -40.01 ₽ Внутренний перевод на 0490
07:32 07:32 договор 8338271601
05.11.2025 05.11.2025 -59.99 ₽ -59.99 ₽ Оплата в MONETKA 0490
07:32 07:47 Trekhgornyj RUS
04.11.2025 05.11.2025 -150.00 ₽ -150.00 ₽ Внутренний перевод на 6493
22:49 04:03 договор 8338271601
АО «ТБанк» универсальная лицензия Банка России № 2673, к/с 30101810145250000974 в ГУ Банка России по ЦФО
БИК 044525974 ИНН 7710140679 КПП 771301001
32Дата и время Дата Сумма в валюте Сумма операции Описание Номер
операции списания операции в валюте карты операции карты
04.11.2025 04.11.2025 +150.00 ₽ +150.00 ₽ Кэшбэк за обычные —
22:33 22:33 покупки
04.11.2025 04.11.2025 -89.00 ₽ -89.00 ₽ Внутренний перевод на 6493
07:59 07:59 договор 8338271601
04.11.2025 04.11.2025 -411.00 ₽ -411.00 ₽ Оплата в REG.RU 6493
07:59 07:59
03.11.2025 03.11.2025 -15 000.00 ₽ -15 000.00 ₽ Внутренний перевод на 6493
20:49 20:49 договор 8338271601
03.11.2025 03.11.2025 +15 000.00 ₽ +15 000.00 ₽ Внутрибанковский перевод 6493
20:42 20:43 с договора 5165776872
03.11.2025 03.11.2025 -898.00 ₽ -898.00 ₽ Внешний банковский 6493
18:59 18:59 перевод счёт
03100643000000018500,
ОКЦ № 7 ГУ Банка России
по ЦФО //УФК по Тульской
области
03.11.2025 03.11.2025 +8 000.00 ₽ +8 000.00 ₽ Пополнение. Система 6493
08:41 08:41 быстрых платежей
02.11.2025 02.11.2025 -500.00 ₽ -500.00 ₽ Внутренний перевод на 6493
18:00 18:00 договор 8338271601
02.11.2025 02.11.2025 +500.00 ₽ +500.00 ₽ Внутрибанковский перевод 6493
17:56 17:57 с договора 5299952344
01.11.2025 01.11.2025 -1 600.00 ₽ -1 600.00 ₽ Внутренний перевод на 6493
17:30 17:30 договор 8338271601
01.11.2025 01.11.2025 -29.00 ₽ -29.00 ₽ Внутренний перевод на 6493
17:29 17:30 договор 8338271601
01.11.2025 01.11.2025 -121.00 ₽ -121.00 ₽ Оплата в REG.RU 6493
17:29 17:31
01.11.2025 01.11.2025 +1 750.00 ₽ +1 750.00 ₽ Пополнение. Система 6493
09:01 09:01 быстрых платежей
01.11.2025 01.11.2025 -1 445.00 ₽ -1 445.00 ₽ Внутренний перевод на 6493
00:58 02:55 договор 8338271601
31.10.2025 31.10.2025 -1 360.00 ₽ -1 360.00 ₽ Внешний перевод по 6493
16:48 16:48 номеру телефона
+79823602595
31.10.2025 31.10.2025 +2 800.00 ₽ +2 800.00 ₽ Внутрибанковский перевод 6493
14:16 14:17 с договора 5165776872
29.10.2025 29.10.2025 -1.00 ₽ -1.00 ₽ Оплата в Ai Моди Бот 6493
21:02 21:02
28.10.2025 29.10.2025 -1.00 ₽ -1.00 ₽ Оплата в Ai Моди Бот 6493
22:25 03:15
28.10.2025 29.10.2025 -600.00 ₽ -600.00 ₽ Внутренний перевод на 6493
22:25 03:14 договор 8338271601
28.10.2025 28.10.2025 -389.96 ₽ -389.96 ₽ Оплата в MONETKA 0490
18:37 18:52 Trekhgornyj RUS
28.10.2025 28.10.2025 -10.04 ₽ -10.04 ₽ Внутренний перевод на 0490
18:37 18:37 договор 8338271601
28.10.2025 28.10.2025 +350.00 ₽ +350.00 ₽ Пополнение. Система 6493
18:27 18:28 быстрых платежей
26.10.2025 26.10.2025 -4.05 ₽ -4.05 ₽ Внутренний перевод на 0490
16:17 16:17 договор 8338271601
26.10.2025 26.10.2025 -395.95 ₽ -395.95 ₽ Оплата в MAGNIT MM 0490
16:17 16:33 RICHARD Trekhgornyj RUS
22.10.2025 22.10.2025 -300.00 ₽ -300.00 ₽ Внутренний перевод на 0490
17:01 17:01 договор 8338271601
АО «ТБанк» универсальная лицензия Банка России № 2673, к/с 30101810145250000974 в ГУ Банка России по ЦФО
БИК 044525974 ИНН 7710140679 КПП 771301001
33Дата и время Дата Сумма в валюте Сумма операции Описание Номер
операции списания операции в валюте карты операции карты
22.10.2025 22.10.2025 -6 200.00 ₽ -6 200.00 ₽ Оплата в VASH 0490
17:01 17:16 STOMATOLOG Yuryuzan
RUS
22.10.2025 22.10.2025 +3 000.00 ₽ +3 000.00 ₽ Пополнение. Система 6493
16:59 16:59 быстрых платежей
22.10.2025 22.10.2025 +4 500.00 ₽ +4 500.00 ₽ Пополнение. Система 6493
16:58 16:58 быстрых платежей
21.10.2025 22.10.2025 -1 375.00 ₽ -1 375.00 ₽ Внешний перевод по 6493
22:03 03:16 номеру телефона
+79823602595
21.10.2025 22.10.2025 +300.00 ₽ +300.00 ₽ Пополнение. Сбербанк 6493
22:03 03:16 Онлайн
21.10.2025 21.10.2025 +1 094.00 ₽ +1 094.00 ₽ Внутрибанковский перевод 6493
21:58 21:59 с договора 8338271601
21.10.2025 21.10.2025 -215 000.00 ₽ -215 000.00 ₽ Снятие наличных. Т-Банк, 0490
11:50 11:51 8658 Трехгорный Россия
21.10.2025 21.10.2025 +215 000.00 ₽ +215 000.00 ₽ Внутрибанковский перевод 6493
11:49 11:50 с договора 8338271601
21.10.2025 21.10.2025 -50 000.00 ₽ -50 000.00 ₽ Внутренний перевод на 6493
11:03 11:03 договор 8338271601
21.10.2025 21.10.2025 +50 000.00 ₽ +50 000.00 ₽ Внутрибанковский перевод 6493
11:02 11:03 с договора 5299952344
20.10.2025 20.10.2025 -46.00 ₽ -46.00 ₽ Внутренний перевод на 6493
11:52 11:53 договор 8338271601
20.10.2025 20.10.2025 -104.00 ₽ -104.00 ₽ Оплата в Сервисы Яндекса 6493
11:52 11:53
20.10.2025 20.10.2025 +150.00 ₽ +150.00 ₽ Внутрибанковский перевод 6493
11:39 11:40 с договора 8338271601
19.10.2025 19.10.2025 -20 000.00 ₽ -20 000.00 ₽ Внутренний перевод на 6493
00:15 03:14 договор 8338271601
19.10.2025 19.10.2025 +20 000.00 ₽ +20 000.00 ₽ Внутрибанковский перевод 6493
00:14 03:14 с договора 8173748697
18.10.2025 18.10.2025 -2 200.00 ₽ -2 200.00 ₽ Внутренний перевод на 6493
20:49 20:49 договор 8338271601
18.10.2025 18.10.2025 +1 100.00 ₽ +1 100.00 ₽ Внутрибанковский перевод 6493
20:49 20:49 с договора 8338271601
17.10.2025 17.10.2025 +1 000.00 ₽ +1 000.00 ₽ Пополнение. Система 6493
20:38 20:38 быстрых платежей
16.10.2025 16.10.2025 -7.00 ₽ -7.00 ₽ Внутренний перевод на 6493
18:26 18:26 договор 8338271601
16.10.2025 16.10.2025 -33.00 ₽ -33.00 ₽ Оплата в 6493
18:26 18:26 ROBOKASSA_DIGITALGOOD
S
16.10.2025 16.10.2025 -4.00 ₽ -4.00 ₽ Внутренний перевод на 6493
14:47 14:47 договор 8338271601
16.10.2025 16.10.2025 -96.00 ₽ -96.00 ₽ Оплата в Сервисы Яндекса 6493
14:47 14:48
16.10.2025 16.10.2025 +200.00 ₽ +200.00 ₽ Внутрибанковский перевод 6493
14:45 14:46 с договора 8338271601
15.10.2025 15.10.2025 -3.00 ₽ -3.00 ₽ Внутренний перевод на 6493
15:11 15:12 договор 8338271601
15.10.2025 15.10.2025 -97.00 ₽ -97.00 ₽ Оплата в Сервисы Яндекса 6493
15:11 15:12
15.10.2025 15.10.2025 -4.00 ₽ -4.00 ₽ Внутренний перевод на 6493
13:59 13:59 договор 8338271601
АО «ТБанк» универсальная лицензия Банка России № 2673, к/с 30101810145250000974 в ГУ Банка России по ЦФО
БИК 044525974 ИНН 7710140679 КПП 771301001
34Дата и время Дата Сумма в валюте Сумма операции Описание Номер
операции списания операции в валюте карты операции карты
15.10.2025 15.10.2025 -96.00 ₽ -96.00 ₽ Оплата в Сервисы Яндекса 6493
13:59 14:00
15.10.2025 15.10.2025 -6.00 ₽ -6.00 ₽ Внутренний перевод на 0490
11:48 11:48 договор 8338271601
15.10.2025 15.10.2025 -44.00 ₽ -44.00 ₽ Оплата в APTEKA 1487 0490
11:48 12:03 Trekhgornyj RUS
14.10.2025 14.10.2025 -0.50 ₽ -0.50 ₽ Внутренний перевод на 0490
14:23 14:24 договор 8338271601
14.10.2025 14.10.2025 -49.50 ₽ -49.50 ₽ Оплата в APTEKA 1487 0490
14:23 14:38 Trekhgornyj RUS
14.10.2025 14.10.2025 -40.03 ₽ -40.03 ₽ Внутренний перевод на 0490
13:49 13:49 договор 8338271601
14.10.2025 14.10.2025 -359.97 ₽ -359.97 ₽ Оплата в MAGNIT MM 0490
13:49 14:04 RICHARD Trekhgornyj RUS
14.10.2025 14.10.2025 +500.00 ₽ +500.00 ₽ Внутрибанковский перевод 6493
13:49 13:49 с договора 8338271601
13.10.2025 13.10.2025 -10.01 ₽ -10.01 ₽ Внутренний перевод на 0490
17:17 17:17 договор 8338271601
13.10.2025 13.10.2025 -89.99 ₽ -89.99 ₽ Оплата в MONETKA 0490
17:17 17:32 Trekhgornyj RUS
13.10.2025 13.10.2025 -99.99 ₽ -99.99 ₽ Оплата в MAGNIT MM 0490
10:58 11:13 BENDIGO Trekhgornyj RUS
13.10.2025 13.10.2025 -0.01 ₽ -0.01 ₽ Внутренний перевод на 0490
10:58 10:58 договор 8338271601
10.10.2025 10.10.2025 -1.00 ₽ -1.00 ₽ Внутренний перевод на 0490
16:18 16:19 договор 8338271601
10.10.2025 10.10.2025 -49.00 ₽ -49.00 ₽ Оплата в CH74104 0490
16:18 16:33 Trekhgornyj RUS
10.10.2025 10.10.2025 -39.99 ₽ -39.99 ₽ Оплата в MONETKA 0490
16:00 16:15 Trekhgornyj RUS
10.10.2025 10.10.2025 -0.01 ₽ -0.01 ₽ Внутренний перевод на 0490
16:00 16:01 договор 8338271601
10.10.2025 10.10.2025 -69.99 ₽ -69.99 ₽ Оплата в PYATEROCHKA 0490
13:32 13:47 23614 Trekhgornyj RUS
10.10.2025 10.10.2025 -30.01 ₽ -30.01 ₽ Внутренний перевод на 0490
13:32 13:34 договор 8338271601
10.10.2025 10.10.2025 -0.02 ₽ -0.02 ₽ Внутренний перевод на 0490
11:37 11:39 договор 8338271601
10.10.2025 10.10.2025 -99.98 ₽ -99.98 ₽ Оплата в MONETKA 0490
11:37 11:52 Trekhgornyj RUS
09.10.2025 09.10.2025 -10.01 ₽ -10.01 ₽ Внутренний перевод на 0490
17:35 17:36 договор 8338271601
09.10.2025 09.10.2025 -89.99 ₽ -89.99 ₽ Оплата в MONETKA 0490
17:35 17:50 Trekhgornyj RUS
09.10.2025 09.10.2025 -8.00 ₽ -8.00 ₽ Внутренний перевод на 6493
15:08 15:08 договор 8338271601
09.10.2025 09.10.2025 -92.00 ₽ -92.00 ₽ Оплата в Сервисы Яндекса 6493
15:08 15:08
09.10.2025 09.10.2025 -35.03 ₽ -35.03 ₽ Внутренний перевод на 0490
12:41 12:41 договор 8338271601
09.10.2025 09.10.2025 -164.97 ₽ -164.97 ₽ Оплата в MONETKA 0490
12:41 12:56 Trekhgornyj RUS
08.10.2025 08.10.2025 -358.99 ₽ -358.99 ₽ Внутренний перевод на 6493
21:04 21:04 договор 5765569313
АО «ТБанк» универсальная лицензия Банка России № 2673, к/с 30101810145250000974 в ГУ Банка России по ЦФО
БИК 044525974 ИНН 7710140679 КПП 771301001
35Дата и время Дата Сумма в валюте Сумма операции Описание Номер
операции списания операции в валюте карты операции карты
08.10.2025 08.10.2025 -7 200.00 ₽ -7 200.00 ₽ Внутренний перевод на 6493
21:04 21:04 договор 8338271601
08.10.2025 08.10.2025 +7 200.00 ₽ +7 200.00 ₽ Пополнение. Система 6493
17:35 17:36 быстрых платежей
08.10.2025 08.10.2025 -300.00 ₽ -300.00 ₽ Внутренний перевод на 0490
17:34 17:34 договор 8338271601
08.10.2025 08.10.2025 -7 200.00 ₽ -7 200.00 ₽ Оплата в VASH 0490
17:33 17:48 STOMATOLOG Yuryuzan
RUS
08.10.2025 08.10.2025 +7 200.00 ₽ +7 200.00 ₽ Внутрибанковский перевод 6493
17:33 17:34 с договора 8338271601
08.10.2025 08.10.2025 -175.00 ₽ -175.00 ₽ Внешний перевод по 6493
14:38 14:38 номеру телефона
+79823602595
08.10.2025 08.10.2025 -99.99 ₽ -99.99 ₽ Оплата в MONETKA 0490
11:18 11:33 Trekhgornyj RUS
08.10.2025 08.10.2025 -0.01 ₽ -0.01 ₽ Внутренний перевод на 0490
11:18 11:19 договор 8338271601
08.10.2025 08.10.2025 -15.03 ₽ -15.03 ₽ Внутренний перевод на 0490
10:57 10:58 договор 8338271601
08.10.2025 08.10.2025 -234.97 ₽ -234.97 ₽ Оплата в PYATEROCHKA 0490
10:57 11:13 23614 Trekhgornyj RUS
08.10.2025 08.10.2025 -31.00 ₽ -31.00 ₽ Внутренний перевод на 0490
07:58 07:58 договор 8338271601
08.10.2025 08.10.2025 -69.00 ₽ -69.00 ₽ Оплата в CH74104 0490
07:58 08:13 Trekhgornyj RUS
07.10.2025 07.10.2025 -40.01 ₽ -40.01 ₽ Внутренний перевод на 0490
08:57 08:57 договор 8338271601
07.10.2025 07.10.2025 -59.99 ₽ -59.99 ₽ Оплата в MONETKA 0490
08:57 09:12 Trekhgornyj RUS
06.10.2025 06.10.2025 -25.01 ₽ -25.01 ₽ Внутренний перевод на 0490
13:56 13:56 договор 8338271601
06.10.2025 06.10.2025 -74.99 ₽ -74.99 ₽ Оплата в MONETKA 0490
13:56 14:11 Trekhgornyj RUS
05.10.2025 05.10.2025 +50.00 ₽ +50.00 ₽ Пополнение. Система 6493
14:39 14:39 быстрых платежей
05.10.2025 05.10.2025 +188.00 ₽ +188.00 ₽ Пополнение. Система 6493
14:03 14:03 быстрых платежей
04.10.2025 05.10.2025 -77.00 ₽ -77.00 ₽ Внутренний перевод на 6493
22:46 02:53 договор 8338271601
04.10.2025 04.10.2025 +77.00 ₽ +77.00 ₽ Кэшбэк за обычные —
22:31 22:31 покупки
04.10.2025 04.10.2025 -164.00 ₽ -164.00 ₽ Внешний перевод по 6493
19:35 19:35 номеру телефона
+79823602595
04.10.2025 04.10.2025 -200.00 ₽ -200.00 ₽ Внешний перевод по 6493
17:25 17:25 номеру телефона
+79823602595
04.10.2025 04.10.2025 -30.01 ₽ -30.01 ₽ Внутренний перевод на 0490
16:16 16:16 договор 8338271601
04.10.2025 04.10.2025 -69.99 ₽ -69.99 ₽ Оплата в MONETKA 0490
16:16 16:31 Trekhgornyj RUS
04.10.2025 04.10.2025 -327.96 ₽ -327.96 ₽ Оплата в MAGNIT MM 0490
16:00 16:15 RICHARD Trekhgornyj RUS
04.10.2025 04.10.2025 -72.04 ₽ -72.04 ₽ Внутренний перевод на 0490
16:00 16:00 договор 8338271601
АО «ТБанк» универсальная лицензия Банка России № 2673, к/с 30101810145250000974 в ГУ Банка России по ЦФО
БИК 044525974 ИНН 7710140679 КПП 771301001
36Дата и время Дата Сумма в валюте Сумма операции Описание Номер
операции списания операции в валюте карты операции карты
03.10.2025 03.10.2025 -25.02 ₽ -25.02 ₽ Внутренний перевод на 0490
20:44 20:45 договор 8338271601
03.10.2025 03.10.2025 -124.98 ₽ -124.98 ₽ Оплата в MAGNIT MM 0490
20:44 20:59 FLUKSUS Trekhgornyj RUS
03.10.2025 03.10.2025 -6.04 ₽ -6.04 ₽ Внутренний перевод на 0490
18:52 18:52 договор 8338271601
03.10.2025 03.10.2025 -243.96 ₽ -243.96 ₽ Оплата в MAGNIT MM 0490
18:52 19:07 RICHARD Trekhgornyj RUS
03.10.2025 03.10.2025 +500.00 ₽ +500.00 ₽ Пополнение. Система 6493
18:07 18:08 быстрых платежей
03.10.2025 03.10.2025 -1 000.00 ₽ -1 000.00 ₽ Снятие наличных. Т-Банк, 0490
16:53 16:55 8189 Трехгорный Россия
03.10.2025 03.10.2025 -89.00 ₽ -89.00 ₽ Внутренний перевод на 6493
10:12 10:12 договор 8338271601
03.10.2025 03.10.2025 -411.00 ₽ -411.00 ₽ Оплата в REG.RU 6493
10:12 10:13
03.10.2025 03.10.2025 -30 500.00 ₽ -30 500.00 ₽ Внутренний перевод на 6493
10:00 10:00 договор 8338271601
03.10.2025 03.10.2025 +27 500.00 ₽ +27 500.00 ₽ Внутрибанковский перевод 6493
09:08 09:09 с договора 5165776872
03.10.2025 03.10.2025 +7 000.00 ₽ +7 000.00 ₽ Пополнение. Система 6493
06:00 06:00 быстрых платежей
02.10.2025 03.10.2025 +50.00 ₽ +50.00 ₽ Пополнение. Система 6493
23:25 02:49 быстрых платежей
02.10.2025 02.10.2025 -1 500.00 ₽ -1 500.00 ₽ Внешний перевод по 6493
21:51 21:51 номеру телефона
+79193387893
02.10.2025 02.10.2025 -2 000.00 ₽ -2 000.00 ₽ Снятие наличных. Т-Банк, 0490
14:53 14:54 8189 Трехгорный Россия
02.10.2025 02.10.2025 -0.01 ₽ -0.01 ₽ Внутренний перевод на 0490
13:44 13:45 договор 8338271601
02.10.2025 02.10.2025 -99.99 ₽ -99.99 ₽ Оплата в MAGNIT MM 0490
13:44 14:00 RICHARD Trekhgornyj RUS
02.10.2025 02.10.2025 -175.98 ₽ -175.98 ₽ Оплата в MAGNIT MM 0490
12:00 12:15 BENDIGO Trekhgornyj RUS
02.10.2025 02.10.2025 -24.02 ₽ -24.02 ₽ Внутренний перевод на 0490
12:00 12:00 договор 8338271601
01.10.2025 01.10.2025 -25.02 ₽ -25.02 ₽ Внутренний перевод на 0490
17:09 17:09 договор 8338271601
01.10.2025 01.10.2025 -124.98 ₽ -124.98 ₽ Оплата в MONETKA 0490
17:09 17:24 Trekhgornyj RUS
01.10.2025 01.10.2025 -40.01 ₽ -40.01 ₽ Внутренний перевод на 0490
15:28 15:28 договор 8338271601
01.10.2025 01.10.2025 -59.99 ₽ -59.99 ₽ Оплата в PYATEROCHKA 0490
15:28 15:43 23614 Trekhgornyj RUS
01.10.2025 01.10.2025 +2 000.00 ₽ +2 000.00 ₽ Пополнение. Система 6493
07:35 07:36 быстрых платежей
30.09.2025 30.09.2025 -24.03 ₽ -24.03 ₽ Внутренний перевод на 0490
18:34 18:34 договор 8338271601
30.09.2025 30.09.2025 -275.97 ₽ -275.97 ₽ Оплата в MAGNIT MM 0490
18:34 18:49 RICHARD Trekhgornyj RUS
30.09.2025 30.09.2025 -152.00 ₽ -152.00 ₽ Внешний перевод по 6493
18:22 18:23 номеру телефона
+79823602595
30.09.2025 30.09.2025 -1 000.00 ₽ -1 000.00 ₽ Снятие наличных. Т-Банк, 0490
16:50 16:52 8189 Трехгорный Россия
АО «ТБанк» универсальная лицензия Банка России № 2673, к/с 30101810145250000974 в ГУ Банка России по ЦФО
БИК 044525974 ИНН 7710140679 КПП 771301001
37Дата и время Дата Сумма в валюте Сумма операции Описание Номер
операции списания операции в валюте карты операции карты
30.09.2025 30.09.2025 -50.00 ₽ -50.00 ₽ Внешний перевод по 6493
14:20 14:21 номеру телефона
+79823601145
30.09.2025 30.09.2025 -360.00 ₽ -360.00 ₽ Внешний перевод по 6493
14:15 14:16 номеру телефона
+79823601145
30.09.2025 30.09.2025 -450.00 ₽ -450.00 ₽ Внешний перевод по 6493
14:13 14:14 номеру телефона
+79823601145
30.09.2025 30.09.2025 -109.98 ₽ -109.98 ₽ Оплата в MONETKA 0490
09:49 10:04 Trekhgornyj RUS
30.09.2025 30.09.2025 -40.02 ₽ -40.02 ₽ Внутренний перевод на 0490
09:49 09:50 договор 8338271601
29.09.2025 29.09.2025 +5 100.00 ₽ +5 100.00 ₽ Пополнение. Система 6493
19:54 19:54 быстрых платежей
28.09.2025 28.09.2025 -590.00 ₽ -590.00 ₽ Внутренний перевод на 6493
19:51 19:51 договор 5765569313
28.09.2025 28.09.2025 +500.00 ₽ +500.00 ₽ Внутрибанковский перевод 6493
19:05 19:05 с договора 8173748697
27.09.2025 27.09.2025 -0.01 ₽ -0.01 ₽ Внутренний перевод на 0490
16:56 16:56 договор 8338271601
27.09.2025 27.09.2025 -99.99 ₽ -99.99 ₽ Оплата в MONETKA 0490
16:56 17:11 Trekhgornyj RUS
27.09.2025 27.09.2025 -15.03 ₽ -15.03 ₽ Внутренний перевод на 0490
15:39 15:39 договор 8338271601
27.09.2025 27.09.2025 -284.97 ₽ -284.97 ₽ Оплата в MONETKA 0490
15:39 15:54 Trekhgornyj RUS
27.09.2025 27.09.2025 +500.00 ₽ +500.00 ₽ Внутрибанковский перевод 6493
14:53 14:53 с договора 8338271601
26.09.2025 26.09.2025 -24.01 ₽ -24.01 ₽ Внутренний перевод на 0490
15:46 15:47 договор 8338271601
26.09.2025 26.09.2025 -75.99 ₽ -75.99 ₽ Оплата в MAGNIT MM 0490
15:46 16:01 RICHARD Trekhgornyj RUS
24.09.2025 24.09.2025 -17.00 ₽ -17.00 ₽ Внутренний перевод на 6493
15:36 15:37 договор 8338271601
24.09.2025 24.09.2025 -83.00 ₽ -83.00 ₽ Оплата в YandexGo Moskva 6493
15:36 16:07 RUS
24.09.2025 24.09.2025 +230.00 ₽ +230.00 ₽ Пополнение. Система 6493
15:32 15:32 быстрых платежей
20.09.2025 20.09.2025 -4 000.00 ₽ -4 000.00 ₽ Внутренний перевод на 6493
20:33 20:33 договор 8338271601
20.09.2025 20.09.2025 +4 000.00 ₽ +4 000.00 ₽ Пополнение. Система 6493
18:43 18:44 быстрых платежей
20.09.2025 20.09.2025 -6 050.00 ₽ -6 050.00 ₽ Внутренний перевод на 6493
09:51 09:51 договор 8338271601
20.09.2025 20.09.2025 -37.02 ₽ -37.02 ₽ Внутренний перевод на 6493
09:51 09:51 договор 8338271601
20.09.2025 20.09.2025 -112.98 ₽ -112.98 ₽ Оплата в Магнит 6493
09:51 09:52
19.09.2025 19.09.2025 +6 200.00 ₽ +6 200.00 ₽ Пополнение. Система 6493
16:18 16:19 быстрых платежей
19.09.2025 19.09.2025 -6 200.00 ₽ -6 200.00 ₽ Оплата в Ваш 6493
16:18 16:19 стоматолог_P_QR
19.09.2025 19.09.2025 +6 200.00 ₽ +6 200.00 ₽ Внутрибанковский перевод 6493
16:18 16:18 с договора 8338271601
АО «ТБанк» универсальная лицензия Банка России № 2673, к/с 30101810145250000974 в ГУ Банка России по ЦФО
БИК 044525974 ИНН 7710140679 КПП 771301001
38Дата и время Дата Сумма в валюте Сумма операции Описание Номер
операции списания операции в валюте карты операции карты
19.09.2025 19.09.2025 -13.00 ₽ -13.00 ₽ Внутренний перевод на 6493
14:41 14:42 договор 8338271601
19.09.2025 19.09.2025 -287.00 ₽ -287.00 ₽ Оплата в YandexGo Moskva 6493
14:41 15:21 RUS
19.09.2025 19.09.2025 +300.00 ₽ +300.00 ₽ Пополнение. Система 6493
14:35 14:35 быстрых платежей
18.09.2025 18.09.2025 -750.00 ₽ -750.00 ₽ Внутренний перевод на 6493
19:26 19:27 договор 8338271601
18.09.2025 18.09.2025 +750.00 ₽ +750.00 ₽ Пополнение. Система 6493
16:22 16:22 быстрых платежей
18.09.2025 18.09.2025 -369.99 ₽ -369.99 ₽ Оплата в Magnit Kosmetika 6493
16:22 16:23
18.09.2025 18.09.2025 +370.00 ₽ +370.00 ₽ Внутрибанковский перевод 6493
16:21 16:22 с договора 8338271601
18.09.2025 18.09.2025 -26.04 ₽ -26.04 ₽ Внутренний перевод на 6493
16:16 16:16 договор 8338271601
18.09.2025 18.09.2025 -373.96 ₽ -373.96 ₽ Оплата в Магнит 6493
16:16 16:17
18.09.2025 18.09.2025 +400.00 ₽ +400.00 ₽ Внутрибанковский перевод 6493
16:16 16:16 с договора 8338271601
16.09.2025 16.09.2025 -33.00 ₽ -33.00 ₽ Оплата в PK*IPV6.ZONE 6493
16:12 16:30 Sankt-Peterbu RUS
16.09.2025 16.09.2025 +33.00 ₽ +33.00 ₽ Внутрибанковский перевод 6493
16:12 16:12 с договора 8338271601
15.09.2025 15.09.2025 -700.00 ₽ -700.00 ₽ Внутренний перевод на 6493
16:11 16:12 договор 8338271601
15.09.2025 15.09.2025 +700.00 ₽ +700.00 ₽ Пополнение. Система 6493
16:07 16:08 быстрых платежей
14.09.2025 14.09.2025 -555.86 ₽ -555.86 ₽ Оплата в Магнит 6493
15:49 15:51
14.09.2025 14.09.2025 +555.00 ₽ +555.00 ₽ Внутрибанковский перевод 6493
15:49 15:49 с договора 8338271601
14.09.2025 14.09.2025 -500.00 ₽ -500.00 ₽ Внешний перевод по 6493
10:19 10:19 номеру телефона
+79193387893
13.09.2025 13.09.2025 +500.00 ₽ +500.00 ₽ Пополнение. Система 6493
07:32 07:32 быстрых платежей
12.09.2025 12.09.2025 -3 700.00 ₽ -3 700.00 ₽ Внутренний перевод на 6493
11:13 11:13 договор 8338271601
12.09.2025 12.09.2025 +3 700.00 ₽ +3 700.00 ₽ Пополнение. Система 6493
10:45 10:46 быстрых платежей
11.09.2025 11.09.2025 -1.00 ₽ -1.00 ₽ Оплата в GPT cloud 6493
14:39 14:41
11.09.2025 11.09.2025 -1.00 ₽ -1.00 ₽ Оплата в GPT cloud 6493
14:37 14:38
11.09.2025 11.09.2025 +3.00 ₽ +3.00 ₽ Внутрибанковский перевод 6493
14:37 14:37 с договора 8338271601
11.09.2025 11.09.2025 -432.00 ₽ -432.00 ₽ Внутренний перевод на 6493
13:54 13:55 договор 8338271601
11.09.2025 11.09.2025 +430.00 ₽ +430.00 ₽ Внутрибанковский перевод 6493
13:54 13:54 с договора 5535991011
11.09.2025 11.09.2025 -48 500.00 ₽ -48 500.00 ₽ Внутренний перевод на 6493
13:53 13:54 договор 8338271601
11.09.2025 11.09.2025 +48 500.00 ₽ +48 500.00 ₽ Внутрибанковский перевод 6493
07:27 07:28 с договора 5299952344
АО «ТБанк» универсальная лицензия Банка России № 2673, к/с 30101810145250000974 в ГУ Банка России по ЦФО
БИК 044525974 ИНН 7710140679 КПП 771301001
39Дата и время Дата Сумма в валюте Сумма операции Описание Номер
операции списания операции в валюте карты операции карты
10.09.2025 10.09.2025 -430.00 ₽ -430.00 ₽ Внутренний перевод на 6493
16:57 16:57 договор 5535991011
10.09.2025 10.09.2025 +150.00 ₽ +150.00 ₽ Пополнение. Система 6493
16:48 16:48 быстрых платежей
10.09.2025 10.09.2025 +250.00 ₽ +250.00 ₽ Пополнение. Система 6493
16:34 16:34 быстрых платежей
06.09.2025 07.09.2025 -320.00 ₽ -320.00 ₽ Внутренний перевод на 6493
22:11 02:46 договор 5765569313
06.09.2025 06.09.2025 +350.00 ₽ +350.00 ₽ Пополнение. Система 6493
20:08 20:09 быстрых платежей
06.09.2025 06.09.2025 -700.00 ₽ -700.00 ₽ Плата за выпуск 6493
20:02 20:02 платежного стикера T-Pay
06.09.2025 06.09.2025 +700.00 ₽ +700.00 ₽ Внутрибанковский перевод 6493
20:00 20:00 с договора 8338271601
05.09.2025 06.09.2025 -1 000.00 ₽ -1 000.00 ₽ Внутренний перевод на 6493
22:14 02:52 договор 5765569313
05.09.2025 05.09.2025 +1 000.00 ₽ +1 000.00 ₽ Пополнение. Система 6493
21:26 21:26 быстрых платежей
Пополнения: 791 211,48 ₽
Расходы: 774 885,31 ₽
С уважением,
Руководитель Управления Бэк-офис Е.С. Шадрина
АО «ТБанк» универсальная лицензия Банка России № 2673, к/с 30101810145250000974 в ГУ Банка России по ЦФО
БИК 044525974 ИНН 7710140679 КПП 771301001
40
2026-09-05 03:07:08,554 | INFO | Update id=311432018 is handled. Duration 38687 ms by bot id=8616063778
2026-09-05 03:15:16,167 | INFO | Polling stopped for bot @sfddssdf111_bot id=8616063778 - 'sber bot'
2026-09-05 03:15:16,167 | INFO | Polling stopped
2026-09-05 03:25:38,448 | INFO | PDF text extracted:
900 www.sberbank.ru Заказано в СберБанк Онлайн
ул. Вавилова, д. 19, Москва, 117312
Выписка по платёжному счёту
За период 29.08.2026 — 04.09.2026
ИТОГО ПО ОПЕРАЦИЯМ ЗА ПЕРИОД:
Владелец счёта
Ермаков Глеб Викторович
Остаток на 29.08.2026 6 367,33
Номер счёта 40817 810 8 4200 8935667 Пополнение 33 794,60
Карты, привязанные к счёту МИР Сберкарта •• 6193 Списание 39 295,53
Валюта Российский рубль
Остаток на 04.09.2026 866,40
Дата открытия счёта 04.06.2024
Дата закрытия счёта -
Расшифровка операций
ДАТА ОПЕРАЦИИ (МСК) КАТЕГОРИЯ СУММА В ВАЛЮТЕ СЧЁТА ОСТАТОК СРЕДСТВ
Дата обработки1 Описание операции Сумма в валюте В валюте счёта
и код авторизации операции2
04.09.2026 14:38 Супермаркеты 249,67 866,40
04.09.2026 274764 BRISTOL 2014 N.NOVGOROD RUS. Операция по карте
****6193
03.09.2026 19:27 Прочие расходы 925,00 1 116,07
04.09.2026 972535 BOLUSHEV M. V. NIZHNIY NOVGO RUS. Операция по карте
****6193
03.09.2026 19:59 Перевод СБП +1 000,00 2 041,07
03.09.2026 777993 Перевод из T-Bank. Операция по счету ****5667
03.09.2026 15:57 Коммунальные платежи, связь, интернет. 550,00 1 041,07
03.09.2026 273070 MEGAFON 3DS_CVC MOSCOW RUS. Операция по карте
****6193
03.09.2026 15:58 Перевод СБП +1 000,00 1 591,07
03.09.2026 169216 Перевод из T-Bank. Операция по счету ****5667
03.09.2026 14:39 Супермаркеты 169,78 591,07
03.09.2026 104161 BRISTOL 2014 N.NOVGOROD RUS. Операция по карте
****6193
02.09.2026 19:36 Перевод с карты 2 400,00 760,85
02.09.2026 524095 Перевод для М. Анастасия Олеговна. Операция по счету
****5667
02.09.2026 16:52 Перевод на карту +2 400,00 3 160,85
02.09.2026 771897 Перевод от Ш. Екатерина Юрьевна. Операция по счету
****5667
02.09.2026 15:37 Супермаркеты 184,98 760,85
02.09.2026 620308 BRISTOL 2014 N.NOVGOROD RUS. Операция по карте
****6193
02.09.2026 00:42 Оплата по QR–коду СБП 99,00 945,83
02.09.2026 858966 SBSCR_ООО "ПРЕМЬЕР". Операция по карте ****6193
Продолжение на следующей странице
Для проверки подлинности документа
1. Зайдите в приложение СберБанк Онлайн в раздел «Выписки и справки»
2. Нажмите кнопку в верхнем правом углу и отсканируйте QR-код*
3. Получите документ в электронном виде
Действителен
до 03.11.2026 * Предоставляя QR-код третьим лицам, вы соглашаетесь на передачу и сохранение данных, указанных в документеВыписка по платёжному счёту Страница 2 из 4
ДАТА ОПЕРАЦИИ (МСК) КАТЕГОРИЯ СУММА В ВАЛЮТЕ СЧЁТА ОСТАТОК СРЕДСТВ
Дата обработки1 Описание операции Сумма в валюте В валюте счёта
и код авторизации операции2
01.09.2026 11:35 Супермаркеты 94,99 1 044,83
01.09.2026 397598 BRISTOL 2014 N.NOVGOROD RUS. Операция по карте
****6193
31.08.2026 18:28 Супермаркеты 181,78 1 139,82
31.08.2026 719648 BRISTOL 2014 N.NOVGOROD RUS. Операция по карте
****6193
31.08.2026 18:08 Перевод СБП 5 000,00 1 321,60
31.08.2026 998896 Перевод в T-Bank. Операция по счету ****5667
31.08.2026 18:07 Внесение наличных +5 050,00 6 321,60
31.08.2026 253905 Банкомат №60021140. Операция по карте ****6193
31.08.2026 18:02 Перевод СБП 19 000,00 1 271,60
31.08.2026 179839 Перевод в T-Bank. Операция по счету ****5667
31.08.2026 18:02 Перевод на карту +173,60 20 271,60
31.08.2026 158183 Перевод от Е. Глеб Викторович. Операция по счету
****5667
31.08.2026 18:00 Внесение наличных +20 050,00 20 098,00
31.08.2026 075944 Банкомат №60037324. Операция по карте ****6193
30.08.2026 19:47 Рестораны и кафе 727,00 48,00
31.08.2026 809404 YM*vkusnoitochka MOSKVA RUS. Операция по карте
****6193
30.08.2026 22:15 Транспорт 40,00 775,00
31.08.2026 129312 SITICARD TRANSPORT TPP N.NOVGOROD RUS. Операция по
карте ****6193
30.08.2026 20:30 Транспорт 40,00 815,00
30.08.2026 789258 SITICARD TRANSPORT TPP N.NOVGOROD RUS. Операция по
карте ****6193
30.08.2026 22:25 Перевод с карты 340,59 855,00
30.08.2026 619731 Перевод для Е. Глеб Викторович. Операция по счету
****5667
30.08.2026 18:25 Транспорт 40,00 1 195,59
30.08.2026 929090 SITICARD TRANSPORT TPP N.NOVGOROD RUS. Операция по
карте ****6193
30.08.2026 19:35 Внесение наличных +1 000,00 1 235,59
30.08.2026 959587 Банкомат №60075287. Операция по карте ****6193
30.08.2026 16:18 Транспорт 40,00 235,59
30.08.2026 835687 SITICARD TRANSPORT TPP N.NOVGOROD RUS. Операция по
карте ****6193
30.08.2026 19:09 Прочие расходы 300,00 275,59
30.08.2026 195304 SDEK-NN N.NOVGOROD RUS. Операция по карте ****6193
30.08.2026 18:18 Супермаркеты 56,79 575,59
30.08.2026 960483 KRASNOE&BELOE N.NOVGOROD RUS. Операция по карте
****6193
30.08.2026 18:18 Супермаркеты 68,99 632,38
30.08.2026 141057 KRASNOE&BELOE N.NOVGOROD RUS. Операция по карте
****6193
30.08.2026 18:03 Здоровье и красота 1 100,00 701,37
30.08.2026 374148 SP_BLACK PANTHER N.NOVGOROD RUS. Операция по карте
****6193
30.08.2026 17:17 Супермаркеты 89,99 1 801,37
30.08.2026 438990 PYATEROCHKA 2587 N.NOVGOROD RUS. Операция по карте
****6193
30.08.2026 16:57 Супермаркеты 188,97 1 891,36
30.08.2026 984023 KRASNOE&BELOE N.NOVGOROD RUS. Операция по карте
****6193
Продолжение на следующей страницеВыписка по платёжному счёту Страница 3 из 4
ДАТА ОПЕРАЦИИ (МСК) КАТЕГОРИЯ СУММА В ВАЛЮТЕ СЧЁТА ОСТАТОК СРЕДСТВ
Дата обработки1 Описание операции Сумма в валюте В валюте счёта
и код авторизации операции2
30.08.2026 15:07 Перевод СБП +600,00 2 080,33
30.08.2026 927871 Перевод из T-Bank. Операция по счету ****5667
30.08.2026 11:53 Перевод на карту +21,00 1 480,33
30.08.2026 403129 Перевод от Е. Глеб Викторович. Операция по счету
****5667
30.08.2026 11:53 Перевод СБП +1 000,00 1 459,33
30.08.2026 648252 Перевод из T-Bank. Операция по счету ****5667
29.08.2026 21:23 Транспорт 40,00 459,33
30.08.2026 346971 SITICARD TRANSPORT TPP N.NOVGOROD RUS. Операция по
карте ****6193
29.08.2026 20:06 Транспорт 40,00 499,33
29.08.2026 362546 SITICARD TRANSPORT TPP N.NOVGOROD RUS. Операция по
карте ****6193
29.08.2026 20:17 Транспорт 40,00 539,33
29.08.2026 012619 SITICARD TRANSPORT TPP N.NOVGOROD RUS. Операция по
карте ****6193
29.08.2026 19:51 Транспорт 40,00 579,33
29.08.2026 521733 SITICARD TRANSPORT TPP N.NOVGOROD RUS. Операция по
карте ****6193
29.08.2026 19:29 Транспорт 40,00 619,33
29.08.2026 531540 SITICARD TRANSPORT TPP N.NOVGOROD RUS. Операция по
карте ****6193
29.08.2026 21:31 Перевод с карты 580,00 659,33
29.08.2026 901249 Перевод для Е. Глеб Викторович. Операция по счету
****5667
29.08.2026 18:19 Транспорт 40,00 1 239,33
29.08.2026 366088 SITICARD TRANSPORT TPP N.NOVGOROD RUS. Операция по
карте ****6193
29.08.2026 18:58 Перевод на карту +500,00 1 279,33
29.08.2026 605842 Перевод от М. Антон Дмитриевич. Операция по счету
****5667
29.08.2026 16:20 Транспорт 40,00 779,33
29.08.2026 369518 SITICARD TRANSPORT TPP N.NOVGOROD RUS. Операция по
карте ****6193
29.08.2026 17:48 Оплата по QR–коду СБП 1 153,00 819,33
29.08.2026 170413 SBSCR_23031 MOP SBP. Операция по карте ****6193
29.08.2026 17:47 Перевод СБП +1 000,00 1 972,33
29.08.2026 776874 Перевод из T-Bank. Операция по счету ****5667
28.08.2026 18:31 Рестораны и кафе 5 395,00 972,33
29.08.2026 232589 Restoran Dzhani NIZHNIJ NOVGO RUS. Операция по карте
****6193
*
Дата формирования документа 04.09.2026
40601D00C08FCE2CD999F93A68651986
с 02.07.2025 по 02.10.2026
04.09.2026
Продолжение на следующей страницеВыписка по платёжному счёту Страница 4 из 4
ПАО Сбербанк. Генеральная лицензия Банка России на осуществление банковских операций № 1481 от 11.08.2015.
Денежные средства списываются после получения банком подтверждения о проведении финансовой операции.
В выписке отображаются только обработанные в заданном периоде операции.
Срок обработки операций до 4 дней, но в редких случаях до 30 дней.
1
Дата списания/зачисления денежных средств на счёт
2
По курсу банка на дату обработки операции
*
Согласно статье 6 закона № 63-ФЗ «Об электронной подписи» электронные документы, подписанные квалифицированной
электронной подписью, признаются равнозначными документам, подписанным собственноручно и могут применяться в любых
правоотношениях в соответствии с законодательством РФ.
Скачать электронный формат подписи можно в веб-версии СберБанк Онлайн в разделе «Выписки и справки».
Проверить подпись можно в сервисе портала Госуслуг «Проверка квалифицированной электронной подписи».
2026-09-05 03:25:49,799 | INFO | Update id=311432020 is handled. Duration 14422 ms by bot id=8616063778
2026-09-05 03:26:02,352 | INFO | Update id=311432021 is handled. Duration 250 ms by bot id=8616063778
2026-09-05 03:35:29,767 | INFO | Polling stopped for bot @sfddssdf111_bot id=8616063778 - 'sber bot'
2026-09-05 03:35:29,767 | INFO | Polling stopped
2026-09-05 03:36:36,739 | INFO | PDF text extracted:
900 www.sberbank.ru Заказано в СберБанк Онлайн
ул. Вавилова, д. 19, Москва, 117312
Выписка по платёжному счёту
За период 29.08.2026 — 04.09.2026
ИТОГО ПО ОПЕРАЦИЯМ ЗА ПЕРИОД:
Владелец счёта
Ермаков Глеб Викторович
Остаток на 29.08.2026 6 367,33
Номер счёта 40817 810 8 4200 8935667 Пополнение 33 794,60
Карты, привязанные к счёту МИР Сберкарта •• 6193 Списание 39 295,53
Валюта Российский рубль
Остаток на 04.09.2026 866,40
Дата открытия счёта 04.06.2024
Дата закрытия счёта -
Расшифровка операций
ДАТА ОПЕРАЦИИ (МСК) КАТЕГОРИЯ СУММА В ВАЛЮТЕ СЧЁТА ОСТАТОК СРЕДСТВ
Дата обработки1 Описание операции Сумма в валюте В валюте счёта
и код авторизации операции2
04.09.2026 14:38 Супермаркеты 249,67 866,40
04.09.2026 274764 BRISTOL 2014 N.NOVGOROD RUS. Операция по карте
****6193
03.09.2026 19:27 Прочие расходы 925,00 1 116,07
04.09.2026 972535 BOLUSHEV M. V. NIZHNIY NOVGO RUS. Операция по карте
****6193
03.09.2026 19:59 Перевод СБП +1 000,00 2 041,07
03.09.2026 777993 Перевод из T-Bank. Операция по счету ****5667
03.09.2026 15:57 Коммунальные платежи, связь, интернет. 550,00 1 041,07
03.09.2026 273070 MEGAFON 3DS_CVC MOSCOW RUS. Операция по карте
****6193
03.09.2026 15:58 Перевод СБП +1 000,00 1 591,07
03.09.2026 169216 Перевод из T-Bank. Операция по счету ****5667
03.09.2026 14:39 Супермаркеты 169,78 591,07
03.09.2026 104161 BRISTOL 2014 N.NOVGOROD RUS. Операция по карте
****6193
02.09.2026 19:36 Перевод с карты 2 400,00 760,85
02.09.2026 524095 Перевод для М. Анастасия Олеговна. Операция по счету
****5667
02.09.2026 16:52 Перевод на карту +2 400,00 3 160,85
02.09.2026 771897 Перевод от Ш. Екатерина Юрьевна. Операция по счету
****5667
02.09.2026 15:37 Супермаркеты 184,98 760,85
02.09.2026 620308 BRISTOL 2014 N.NOVGOROD RUS. Операция по карте
****6193
02.09.2026 00:42 Оплата по QR–коду СБП 99,00 945,83
02.09.2026 858966 SBSCR_ООО "ПРЕМЬЕР". Операция по карте ****6193
Продолжение на следующей странице
Для проверки подлинности документа
1. Зайдите в приложение СберБанк Онлайн в раздел «Выписки и справки»
2. Нажмите кнопку в верхнем правом углу и отсканируйте QR-код*
3. Получите документ в электронном виде
Действителен
до 03.11.2026 * Предоставляя QR-код третьим лицам, вы соглашаетесь на передачу и сохранение данных, указанных в документеВыписка по платёжному счёту Страница 2 из 4
ДАТА ОПЕРАЦИИ (МСК) КАТЕГОРИЯ СУММА В ВАЛЮТЕ СЧЁТА ОСТАТОК СРЕДСТВ
Дата обработки1 Описание операции Сумма в валюте В валюте счёта
и код авторизации операции2
01.09.2026 11:35 Супермаркеты 94,99 1 044,83
01.09.2026 397598 BRISTOL 2014 N.NOVGOROD RUS. Операция по карте
****6193
31.08.2026 18:28 Супермаркеты 181,78 1 139,82
31.08.2026 719648 BRISTOL 2014 N.NOVGOROD RUS. Операция по карте
****6193
31.08.2026 18:08 Перевод СБП 5 000,00 1 321,60
31.08.2026 998896 Перевод в T-Bank. Операция по счету ****5667
31.08.2026 18:07 Внесение наличных +5 050,00 6 321,60
31.08.2026 253905 Банкомат №60021140. Операция по карте ****6193
31.08.2026 18:02 Перевод СБП 19 000,00 1 271,60
31.08.2026 179839 Перевод в T-Bank. Операция по счету ****5667
31.08.2026 18:02 Перевод на карту +173,60 20 271,60
31.08.2026 158183 Перевод от Е. Глеб Викторович. Операция по счету
****5667
31.08.2026 18:00 Внесение наличных +20 050,00 20 098,00
31.08.2026 075944 Банкомат №60037324. Операция по карте ****6193
30.08.2026 19:47 Рестораны и кафе 727,00 48,00
31.08.2026 809404 YM*vkusnoitochka MOSKVA RUS. Операция по карте
****6193
30.08.2026 22:15 Транспорт 40,00 775,00
31.08.2026 129312 SITICARD TRANSPORT TPP N.NOVGOROD RUS. Операция по
карте ****6193
30.08.2026 20:30 Транспорт 40,00 815,00
30.08.2026 789258 SITICARD TRANSPORT TPP N.NOVGOROD RUS. Операция по
карте ****6193
30.08.2026 22:25 Перевод с карты 340,59 855,00
30.08.2026 619731 Перевод для Е. Глеб Викторович. Операция по счету
****5667
30.08.2026 18:25 Транспорт 40,00 1 195,59
30.08.2026 929090 SITICARD TRANSPORT TPP N.NOVGOROD RUS. Операция по
карте ****6193
30.08.2026 19:35 Внесение наличных +1 000,00 1 235,59
30.08.2026 959587 Банкомат №60075287. Операция по карте ****6193
30.08.2026 16:18 Транспорт 40,00 235,59
30.08.2026 835687 SITICARD TRANSPORT TPP N.NOVGOROD RUS. Операция по
карте ****6193
30.08.2026 19:09 Прочие расходы 300,00 275,59
30.08.2026 195304 SDEK-NN N.NOVGOROD RUS. Операция по карте ****6193
30.08.2026 18:18 Супермаркеты 56,79 575,59
30.08.2026 960483 KRASNOE&BELOE N.NOVGOROD RUS. Операция по карте
****6193
30.08.2026 18:18 Супермаркеты 68,99 632,38
30.08.2026 141057 KRASNOE&BELOE N.NOVGOROD RUS. Операция по карте
****6193
30.08.2026 18:03 Здоровье и красота 1 100,00 701,37
30.08.2026 374148 SP_BLACK PANTHER N.NOVGOROD RUS. Операция по карте
****6193
30.08.2026 17:17 Супермаркеты 89,99 1 801,37
30.08.2026 438990 PYATEROCHKA 2587 N.NOVGOROD RUS. Операция по карте
****6193
30.08.2026 16:57 Супермаркеты 188,97 1 891,36
30.08.2026 984023 KRASNOE&BELOE N.NOVGOROD RUS. Операция по карте
****6193
Продолжение на следующей страницеВыписка по платёжному счёту Страница 3 из 4
ДАТА ОПЕРАЦИИ (МСК) КАТЕГОРИЯ СУММА В ВАЛЮТЕ СЧЁТА ОСТАТОК СРЕДСТВ
Дата обработки1 Описание операции Сумма в валюте В валюте счёта
и код авторизации операции2
30.08.2026 15:07 Перевод СБП +600,00 2 080,33
30.08.2026 927871 Перевод из T-Bank. Операция по счету ****5667
30.08.2026 11:53 Перевод на карту +21,00 1 480,33
30.08.2026 403129 Перевод от Е. Глеб Викторович. Операция по счету
****5667
30.08.2026 11:53 Перевод СБП +1 000,00 1 459,33
30.08.2026 648252 Перевод из T-Bank. Операция по счету ****5667
29.08.2026 21:23 Транспорт 40,00 459,33
30.08.2026 346971 SITICARD TRANSPORT TPP N.NOVGOROD RUS. Операция по
карте ****6193
29.08.2026 20:06 Транспорт 40,00 499,33
29.08.2026 362546 SITICARD TRANSPORT TPP N.NOVGOROD RUS. Операция по
карте ****6193
29.08.2026 20:17 Транспорт 40,00 539,33
29.08.2026 012619 SITICARD TRANSPORT TPP N.NOVGOROD RUS. Операция по
карте ****6193
29.08.2026 19:51 Транспорт 40,00 579,33
29.08.2026 521733 SITICARD TRANSPORT TPP N.NOVGOROD RUS. Операция по
карте ****6193
29.08.2026 19:29 Транспорт 40,00 619,33
29.08.2026 531540 SITICARD TRANSPORT TPP N.NOVGOROD RUS. Операция по
карте ****6193
29.08.2026 21:31 Перевод с карты 580,00 659,33
29.08.2026 901249 Перевод для Е. Глеб Викторович. Операция по счету
****5667
29.08.2026 18:19 Транспорт 40,00 1 239,33
29.08.2026 366088 SITICARD TRANSPORT TPP N.NOVGOROD RUS. Операция по
карте ****6193
29.08.2026 18:58 Перевод на карту +500,00 1 279,33
29.08.2026 605842 Перевод от М. Антон Дмитриевич. Операция по счету
****5667
29.08.2026 16:20 Транспорт 40,00 779,33
29.08.2026 369518 SITICARD TRANSPORT TPP N.NOVGOROD RUS. Операция по
карте ****6193
29.08.2026 17:48 Оплата по QR–коду СБП 1 153,00 819,33
29.08.2026 170413 SBSCR_23031 MOP SBP. Операция по карте ****6193
29.08.2026 17:47 Перевод СБП +1 000,00 1 972,33
29.08.2026 776874 Перевод из T-Bank. Операция по счету ****5667
28.08.2026 18:31 Рестораны и кафе 5 395,00 972,33
29.08.2026 232589 Restoran Dzhani NIZHNIJ NOVGO RUS. Операция по карте
****6193
*
Дата формирования документа 04.09.2026
40601D00C08FCE2CD999F93A68651986
с 02.07.2025 по 02.10.2026
04.09.2026
Продолжение на следующей страницеВыписка по платёжному счёту Страница 4 из 4
ПАО Сбербанк. Генеральная лицензия Банка России на осуществление банковских операций № 1481 от 11.08.2015.
Денежные средства списываются после получения банком подтверждения о проведении финансовой операции.
В выписке отображаются только обработанные в заданном периоде операции.
Срок обработки операций до 4 дней, но в редких случаях до 30 дней.
1
Дата списания/зачисления денежных средств на счёт
2
По курсу банка на дату обработки операции
*
Согласно статье 6 закона № 63-ФЗ «Об электронной подписи» электронные документы, подписанные квалифицированной
электронной подписью, признаются равнозначными документам, подписанным собственноручно и могут применяться в любых
правоотношениях в соответствии с законодательством РФ.
Скачать электронный формат подписи можно в веб-версии СберБанк Онлайн в разделе «Выписки и справки».
Проверить подпись можно в сервисе портала Госуслуг «Проверка квалифицированной электронной подписи».
2026-09-05 03:36:52,920 | INFO | Update id=311432022 is not handled. Duration 19342 ms by bot id=8616063778
2026-09-05 03:36:52,920 | ERROR | Cause exception while process update id=311432022 by bot id=8616063778
AttributeError: 'dict' object has no attribute 'hi'
Traceback (most recent call last):
  File "C:\Users\ghgmm\Documents\projects\sber_Bot\venv\lib\site-packages\aiogram\dispatcher\dispatcher.py", line 321, in _process_update
    response = await self.feed_update(bot, update, **kwargs)
  File "C:\Users\ghgmm\Documents\projects\sber_Bot\venv\lib\site-packages\aiogram\dispatcher\dispatcher.py", line 164, in feed_update
    response = await self.update.wrap_outer_middleware(
  File "C:\Users\ghgmm\Documents\projects\sber_Bot\venv\lib\site-packages\aiogram\dispatcher\middlewares\error.py", line 27, in __call__
    return await handler(event, data)
  File "C:\Users\ghgmm\Documents\projects\sber_Bot\venv\lib\site-packages\aiogram\dispatcher\middlewares\user_context.py", line 58, in __call__
    return await handler(event, data)
  File "C:\Users\ghgmm\Documents\projects\sber_Bot\venv\lib\site-packages\aiogram\fsm\middleware.py", line 43, in __call__
    return await handler(event, data)
  File "C:\Users\ghgmm\Documents\projects\sber_Bot\venv\lib\site-packages\aiogram\dispatcher\event\telegram.py", line 126, in trigger
    return await wrapped_inner(event, kwargs)
  File "C:\Users\ghgmm\Documents\projects\sber_Bot\venv\lib\site-packages\aiogram\dispatcher\event\handler.py", line 71, in call
    return await wrapped()
  File "C:\Users\ghgmm\Documents\projects\sber_Bot\venv\lib\site-packages\aiogram\dispatcher\dispatcher.py", line 284, in _listen_update
    return await self.propagate_event(update_type=update_type, event=event, **kwargs)
  File "C:\Users\ghgmm\Documents\projects\sber_Bot\venv\lib\site-packages\aiogram\dispatcher\router.py", line 172, in propagate_event
    return await observer.wrap_outer_middleware(_wrapped, event=event, data=kwargs)
  File "C:\Users\ghgmm\Documents\projects\sber_Bot\venv\lib\site-packages\aiogram\dispatcher\router.py", line 164, in _wrapped
    return await self._propagate_event(
  File "C:\Users\ghgmm\Documents\projects\sber_Bot\venv\lib\site-packages\aiogram\dispatcher\router.py", line 192, in _propagate_event
    response = await observer.trigger(event, **kwargs)
  File "C:\Users\ghgmm\Documents\projects\sber_Bot\venv\lib\site-packages\aiogram\dispatcher\event\telegram.py", line 126, in trigger
    return await wrapped_inner(event, kwargs)
  File "C:\Users\ghgmm\Documents\projects\sber_Bot\venv\lib\site-packages\aiogram\dispatcher\event\handler.py", line 71, in call
    return await wrapped()
  File "C:\Users\ghgmm\Documents\projects\sber_Bot\main.py", line 119, in pdf_handler
    user_message = data.hi + "\n\n"
AttributeError: 'dict' object has no attribute 'hi'
2026-09-05 03:37:48,007 | INFO | Polling stopped for bot @sfddssdf111_bot id=8616063778 - 'sber bot'
2026-09-05 03:37:48,007 | INFO | Polling stopped
2026-09-05 03:38:47,238 | INFO | Update id=311432023 is not handled. Duration 47452 ms by bot id=8616063778
2026-09-05 03:38:47,238 | ERROR | Cause exception while process update id=311432023 by bot id=8616063778
AttributeError: 'dict' object has no attribute 'hi'
Traceback (most recent call last):
  File "C:\Users\ghgmm\Documents\projects\sber_Bot\venv\lib\site-packages\aiogram\dispatcher\dispatcher.py", line 321, in _process_update
    response = await self.feed_update(bot, update, **kwargs)
  File "C:\Users\ghgmm\Documents\projects\sber_Bot\venv\lib\site-packages\aiogram\dispatcher\dispatcher.py", line 164, in feed_update
    response = await self.update.wrap_outer_middleware(
  File "C:\Users\ghgmm\Documents\projects\sber_Bot\venv\lib\site-packages\aiogram\dispatcher\middlewares\error.py", line 27, in __call__
    return await handler(event, data)
  File "C:\Users\ghgmm\Documents\projects\sber_Bot\venv\lib\site-packages\aiogram\dispatcher\middlewares\user_context.py", line 58, in __call__
    return await handler(event, data)
  File "C:\Users\ghgmm\Documents\projects\sber_Bot\venv\lib\site-packages\aiogram\fsm\middleware.py", line 43, in __call__
    return await handler(event, data)
  File "C:\Users\ghgmm\Documents\projects\sber_Bot\venv\lib\site-packages\aiogram\dispatcher\event\telegram.py", line 126, in trigger
    return await wrapped_inner(event, kwargs)
  File "C:\Users\ghgmm\Documents\projects\sber_Bot\venv\lib\site-packages\aiogram\dispatcher\event\handler.py", line 71, in call
    return await wrapped()
  File "C:\Users\ghgmm\Documents\projects\sber_Bot\venv\lib\site-packages\aiogram\dispatcher\dispatcher.py", line 284, in _listen_update
    return await self.propagate_event(update_type=update_type, event=event, **kwargs)
  File "C:\Users\ghgmm\Documents\projects\sber_Bot\venv\lib\site-packages\aiogram\dispatcher\router.py", line 172, in propagate_event
    return await observer.wrap_outer_middleware(_wrapped, event=event, data=kwargs)
  File "C:\Users\ghgmm\Documents\projects\sber_Bot\venv\lib\site-packages\aiogram\dispatcher\router.py", line 164, in _wrapped
    return await self._propagate_event(
  File "C:\Users\ghgmm\Documents\projects\sber_Bot\venv\lib\site-packages\aiogram\dispatcher\router.py", line 192, in _propagate_event
    response = await observer.trigger(event, **kwargs)
  File "C:\Users\ghgmm\Documents\projects\sber_Bot\venv\lib\site-packages\aiogram\dispatcher\event\telegram.py", line 126, in trigger
    return await wrapped_inner(event, kwargs)
  File "C:\Users\ghgmm\Documents\projects\sber_Bot\venv\lib\site-packages\aiogram\dispatcher\event\handler.py", line 71, in call
    return await wrapped()
  File "C:\Users\ghgmm\Documents\projects\sber_Bot\main.py", line 118, in pdf_handler
    user_message = data.hi + "\n\n"
AttributeError: 'dict' object has no attribute 'hi'
2026-09-05 03:39:10,955 | INFO | Polling stopped for bot @sfddssdf111_bot id=8616063778 - 'sber bot'
2026-09-05 03:39:10,955 | INFO | Polling stopped
2026-09-05 03:39:53,334 | INFO | Update id=311432024 is not handled. Duration 25922 ms by bot id=8616063778
2026-09-05 03:39:53,335 | ERROR | Cause exception while process update id=311432024 by bot id=8616063778
AttributeError: 'dict' object has no attribute 'text'
Traceback (most recent call last):
  File "C:\Users\ghgmm\Documents\projects\sber_Bot\venv\lib\site-packages\aiogram\dispatcher\dispatcher.py", line 321, in _process_update
    response = await self.feed_update(bot, update, **kwargs)
  File "C:\Users\ghgmm\Documents\projects\sber_Bot\venv\lib\site-packages\aiogram\dispatcher\dispatcher.py", line 164, in feed_update
    response = await self.update.wrap_outer_middleware(
  File "C:\Users\ghgmm\Documents\projects\sber_Bot\venv\lib\site-packages\aiogram\dispatcher\middlewares\error.py", line 27, in __call__
    return await handler(event, data)
  File "C:\Users\ghgmm\Documents\projects\sber_Bot\venv\lib\site-packages\aiogram\dispatcher\middlewares\user_context.py", line 58, in __call__
    return await handler(event, data)
  File "C:\Users\ghgmm\Documents\projects\sber_Bot\venv\lib\site-packages\aiogram\fsm\middleware.py", line 43, in __call__
    return await handler(event, data)
  File "C:\Users\ghgmm\Documents\projects\sber_Bot\venv\lib\site-packages\aiogram\dispatcher\event\telegram.py", line 126, in trigger
    return await wrapped_inner(event, kwargs)
  File "C:\Users\ghgmm\Documents\projects\sber_Bot\venv\lib\site-packages\aiogram\dispatcher\event\handler.py", line 71, in call
    return await wrapped()
  File "C:\Users\ghgmm\Documents\projects\sber_Bot\venv\lib\site-packages\aiogram\dispatcher\dispatcher.py", line 284, in _listen_update
    return await self.propagate_event(update_type=update_type, event=event, **kwargs)
  File "C:\Users\ghgmm\Documents\projects\sber_Bot\venv\lib\site-packages\aiogram\dispatcher\router.py", line 172, in propagate_event
    return await observer.wrap_outer_middleware(_wrapped, event=event, data=kwargs)
  File "C:\Users\ghgmm\Documents\projects\sber_Bot\venv\lib\site-packages\aiogram\dispatcher\router.py", line 164, in _wrapped
    return await self._propagate_event(
  File "C:\Users\ghgmm\Documents\projects\sber_Bot\venv\lib\site-packages\aiogram\dispatcher\router.py", line 192, in _propagate_event
    response = await observer.trigger(event, **kwargs)
  File "C:\Users\ghgmm\Documents\projects\sber_Bot\venv\lib\site-packages\aiogram\dispatcher\event\telegram.py", line 126, in trigger
    return await wrapped_inner(event, kwargs)
  File "C:\Users\ghgmm\Documents\projects\sber_Bot\venv\lib\site-packages\aiogram\dispatcher\event\handler.py", line 71, in call
    return await wrapped()
  File "C:\Users\ghgmm\Documents\projects\sber_Bot\main.py", line 120, in pdf_handler
    user_message += sub.text + "\n"
AttributeError: 'dict' object has no attribute 'text'
2026-09-05 03:40:09,913 | INFO | Polling stopped for bot @sfddssdf111_bot id=8616063778 - 'sber bot'
2026-09-05 03:40:09,913 | INFO | Polling stopped
2026-09-05 03:40:54,066 | INFO | User Message:
🔎 Найдены возможные подписки

### 📺 ООО «ПРЕМЬЕР»

- **Последнее списание:** 02.09.2026 — **99,00 ₽**
- **Признак подписки:** в названии операции указано `SBSCR`
- **Средняя сумма в месяц:** **99,00 ₽**
- **Ориентировочно за 6 месяцев:** **594,00 ₽**
- **Ориентировочно за год:** **1 188,00 ₽**

⚠️ В предоставленной выписке есть только одно списание, поэтому регулярность платежа подтвердить нельзя. Операция отмечена как возможная подписка из-за обозначения `SBSCR`.
### 💳 Подписка с обозначением `SBSCR_23031 MOP SBP`

- **Последнее списание:** 29.08.2026 — **1 153,00 ₽**
- **Признак подписки:** в названии операции указано `SBSCR`
- **Средняя сумма в месяц:** **1 153,00 ₽**
- **Ориентировочно за 6 месяцев:** **6 918,00 ₽**
- **Ориентировочно за год:** **13 836,00 ₽**

⚠️ В предоставленной выписке есть только одно списание, поэтому регулярность и конкретный сервис определить нельзя. Операция отмечена как возможная подписка из-за обозначения `SBSCR`.

💰 Потенциальная экономия за год при отмене всех найденных возможных подписок: **15 024,00 ₽**.

⚠️ Обе операции встречаются в выписке только один раз, поэтому являются возможными, но не подтверждёнными регулярными подписками.
2026-09-05 03:40:54,591 | INFO | Update id=311432025 is handled. Duration 35609 ms by bot id=8616063778
2026-09-05 03:42:27,794 | INFO | Update id=311432026 is handled. Duration 250 ms by bot id=8616063778
2026-09-05 03:44:29,990 | INFO | Polling stopped for bot @sfddssdf111_bot id=8616063778 - 'sber bot'
2026-09-05 03:44:29,990 | INFO | Polling stopped
2026-09-05 03:44:55,044 | INFO | User Message:
🔎 **Найдена возможная подписка**

⚠️ Выписка охватывает только период **29.08.2026–04.09.2026**, поэтому регулярность списаний подтвердить по нескольким месяцам нельзя. Однако операция с пометкой **SBSCR** прямо указывает на подписочный платёж.

---

### 📺 Премьер / ООО «ПРЕМЬЕР»

- **Последние списания по подписке:**
  - 02.09.2026 — **99,00 ₽**
- **Средняя сумма в месяц:** **99,00 ₽**
- **Расход за 6 месяцев:** **594,00 ₽**
- **Расход за год:** **1 188,00 ₽**

✉️ **Письмо в службу поддержки:**

> Здравствуйте!
>
> Прошу отменить мою подписку на сервис **Премьер / ООО «ПРЕМЬЕР»** и отключить дальнейшие автоматические списания с моей банковской карты.
>
> Последнее списание: 02.09.2026, сумма — 99,00 ₽.
>
> Пожалуйста, подтвердите отмену подписки и отсутствие будущих платежей.
>
> Спасибо.

---

💰 **Потенциальная экономия за год: 1 188,00 ₽**
2026-09-05 03:44:55,707 | INFO | Update id=311432027 is handled. Duration 15687 ms by bot id=8616063778
2026-09-05 03:45:09,440 | INFO | Update id=311432028 is handled. Duration 266 ms by bot id=8616063778
2026-09-05 03:45:50,403 | INFO | User Message:
🔎 **Нашёл 4 вероятные активные подписки**

---

### 🌐 Proxy6 / Proxy6net
**Регулярное списание:** примерно **33 ₽ в месяц**

Последние 3 списания:
- 21.07.2026 — **33 ₽**
- 21.06.2026 — **33 ₽**
- 21.05.2026 — **33 ₽**

💳 Средняя сумма в месяц: **33 ₽**  
📆 За 6 месяцев: **198 ₽**  
📅 За год: **396 ₽**

✉️ **Письмо в поддержку:**
> Здравствуйте! Прошу отменить мою платную подписку в сервисе **Proxy6 / Proxy6net** и отключить дальнейшие автоматические списания с банковской карты. Пожалуйста, подтвердите отмену подписки. Спасибо.

---

### 💳 ООО «ПРЕМЬЕР»
**Регулярное списание:** примерно **99 ₽ в месяц**

Последние 3 списания:
- 31.03.2026 — **99 ₽**
- 26.02.2026 — **99 ₽**
- 26.01.2026 — **99 ₽**

💳 Средняя сумма в месяц: **99 ₽**  
📆 За 6 месяцев: **594 ₽**  
📅 За год: **1 188 ₽**

✉️ **Письмо в поддержку:**
> Здравствуйте! Прошу отменить мою платную подписку в сервисе **ООО «ПРЕМЬЕР»** и отключить все последующие автоматические списания. Пожалуйста, подтвердите отмену подписки и сообщите дату окончания доступа. Спасибо.

---

### 🌐 REG.RU
**Регулярные платежи за услуги:** в среднем **≈ 508 ₽ в месяц**

Последние 3 списания:
- 12.02.2026 — **1 482 ₽**
- 09.01.2026 — **494 ₽**
- 25.11.2025 — **411 ₽**

💳 Средняя сумма в месяц: **≈ 508 ₽**  
📆 За 6 месяцев: **≈ 3 046 ₽**  
📅 За год: **≈ 6 092 ₽**

✉️ **Письмо в поддержку:**
> Здравствуйте! Прошу отменить автоматическое продление платных услуг в сервисе **REG.RU**, связанных с моим аккаунтом, и отключить дальнейшие списания с банковской карты. Пожалуйста, подтвердите отмену и сообщите, какие услуги были отключены. Спасибо.

---

### 💳 Обслуживание карты Т-Банк
**Регулярное списание:** **99 ₽ в месяц**

Последние 3 списания:
- 04.09.2026 — **99 ₽**
- 04.08.2026 — **99 ₽**
- 04.07.2026 — **99 ₽**

💳 Средняя сумма в месяц: **99 ₽**  
📆 За 6 месяцев: **594 ₽**  
📅 За год: **1 188 ₽**

✉️ **Письмо в поддержку:**
> Здравствуйте! Прошу отключить платное обслуживание моей карты в **Т-Банке** либо перевести её на бесплатный тариф, если это возможно. Также прошу отменить последующие списания платы за обслуживание. Спасибо.

---

## 💰 Возможная экономия
При отмене всех найденных регулярных платежей вы сможете сэкономить за год **≈ 8 864 ₽**.
2026-09-05 03:45:51,106 | INFO | Update id=311432029 is handled. Duration 33296 ms by bot id=8616063778
2026-09-05 03:47:09,276 | INFO | Polling stopped for bot @sfddssdf111_bot id=8616063778 - 'sber bot'
2026-09-05 03:47:09,276 | INFO | Polling stopped
2026-09-05 03:48:05,094 | INFO | User Message:
## 🔎 Найденные возможные подписки

По выписке не удалось достоверно подтвердить регулярные подписки с ежемесячным или еженедельным списанием. Большинство повторяющихся операций относятся к супермаркетам, транспорту, переводам, пополнениям или разовым покупкам.

Отдельно обнаружены операции с сервисами, которые **могут быть подписками или оплатой цифровых услуг**, но регулярность списаний не подтверждена:

- **Сервисы Яндекса** — списания с разными суммами и нерегулярными датами.
- **REG.RU** — несколько списаний с разными суммами и нерегулярными датами.
- **GPT cloud** — две операции по 1 ₽ 11.09.2025, что похоже на проверочные списания, но не подтверждает подписку.
- **Ai Моди Бот** — две операции по 1 ₽ 28–29.10.2025 и одна операция 1 ₽ 07.11.2025; регулярная подписка не подтверждена.

Так как для этих сервисов нет подтверждённой регулярной периодичности и стабильной суммы списаний, они не включены в расчёт экономии. Достоверно подтверждённых активных подписок по предоставленной выписке не найдено.

**Итоговая подтверждённая экономия за год: 0 ₽**
2026-09-05 03:48:05,746 | INFO | Update id=311432030 is handled. Duration 43358 ms by bot id=8616063778
2026-09-05 03:49:01,953 | INFO | Polling stopped for bot @sfddssdf111_bot id=8616063778 - 'sber bot'
2026-09-05 03:49:01,953 | INFO | Polling stopped
